,Certificate of Inspection,Inspection Number,Date of Occurance,Year (added),Business Unique ID,UniqueBusinessID_NoYear,Business Name,DBA Trade Name,Business Category,Inspection type,Device Category,Device Class,Device Type,Devices Inspected,Devices Approved,Devices Condemned/Confiscated,Confiscated,Address Type,Building Number,Street Name,Street Name 2,Unit Type,Unit,City,State,Postcode,Borough,Community Board,Council District,BIN,BBL,NTA,Latitude,Longitude
4079,A0207803,INS-000820719,01/16/2025,2025,BA-1708856-2024,BA-1708856,YUM DELI AND GROCERY 1 CORP.,,Grocery-Retail - 808,Scale,Scale,Scale Inspection,Computing Scale - 01,1,0,1,Confiscated,Complete Address,2909,SURF AVE,,,,BROOKLYN,NY,11224,Brooklyn,313.0,47.0,3189522.0,3070510048.0,BK21,40.57286869,-73.99506856
4100,A0202625,INS-000810921,12/06/2024,2024,BA-1716203-2024,BA-1716203,YDHNY INC,,Grocery-Retail - 808,Scale,Scale,Scale Inspection,Computing Scale - 01,2,1,4,Confiscated,Complete Address,1525,ALBANY AVE,,,,BROOKLYN,NY,11210,Brooklyn,317.0,45.0,3114503.0,3050160013.0,BK91,40.63600402,-73.93740159
4231,A0204578,INS-000814634,12/19/2024,2024,BA-1597771-2023,BA-1597771,VICTOR’S BAKERY CORP,,Grocery-Retail - 808,Scale,Scale,Scale Inspection,Computing Scale - 01,1,0,1,Confiscated,Complete Address,2031,GRAND CONCOURSE,,,,BRONX,NY,10453,Bronx,205.0,14.0,2007693.0,2028080082.0,BX41,40.85198456,-73.90397567
4279,A0142377,INS-000687867,11/09/2023,2023,BA-1666365-2023,BA-1666365,Urban Deli & Convenience Corp.,,Grocery-Retail - 808,Scale,Scale,Scale Inspection,Computing Scale - 01,1,0,3,Confiscated,Complete Address,17902,UNION TPKE,,,,FRESH MEADOWS,NY,11366,Queens,408.0,24.0,4155489.0,4072290007.0,QN06,40.72665212,-73.78892715
4387,A0213473,INS-000832340,02/26/2025,2025,BA-1720823-2025,BA-1720823,TINGO FOOD MARKET CORPORATION,,Grocery-Retail - 808,Scale,Scale,Scale Inspection,Computing Scale - 01,6,4,1,Confiscated,Complete Address,82,E BURNSIDE AVE,,,,BRONX,NY,10453,Bronx,205.0,14.0,2007948.0,2028290045.0,BX41,40.85326795,-73.90593302
4440,A0192868,INS-000791742,10/08/2024,2024,BA-1484729-2022,BA-1484729,"TERRY-RAM, LTD.",,Grocery-Retail - 808,Scale,Scale,Scale Inspection,Computing Scale - 01,1,0,1,Confiscated,Complete Address,41,RIVER TER,,,,NEW YORK,NY,10282,Manhattan,101.0,1.0,1085486.0,1000160210.0,MN25,40.71792969,-74.01452348
4614,A0149465,INS-000701292,01/09/2024,2024,BA-1520854-2022,BA-1520854,SOUTH ROAD GUY_R INC.,,Grocery-Retail - 808,Scale,Scale,Scale Inspection,Computing Scale - 01,2,1,3,Confiscated,Complete Address,16224,TUSKEGEE AIRMEN WAY,,,,JAMAICA,NY,11433,Queens,412.0,28.0,4215802.0,4101290011.0,QN01,40.69949668,-73.79419918
4685,A0213715,INS-000832702,02/27/2025,2025,BA-1721260-2025,BA-1721260,SILVER MOON DELI INC.,,Grocery-Retail - 808,Scale,Scale,Scale Inspection,Computing Scale - 01,1,0,1,Confiscated,Complete Address,3840,BROADWAY,,,,NEW YORK,NY,10032,Manhattan,112.0,10.0,1062822.0,1021190001.0,MN36,40.83606664,-73.94340023
4753,A0177190,INS-000760345,07/09/2024,2024,BA-1534786-2022,BA-1534786,SAYYAF FOOD CORP,,Grocery-Retail - 808,Scale,Scale,Scale Inspection,Computing Scale - 01,1,0,4,Confiscated,Complete Address,890,ROCKAWAY AVE,,,,BROOKLYN,NY,11212,Brooklyn,316.0,42.0,3082837.0,3036250033.0,BK81,40.65768977,-73.90768291
5091,A0207014,INS-000819327,01/10/2025,2025,BA-1412248-2022,BA-1412248,"PREMIER FOOD, INC.",,Grocery-Retail - 808,Scale,Scale,Scale Inspection,Computing Scale - 01,1,0,1,Confiscated,Complete Address,738,LYDIG AVE,,,,BRONX,NY,10462,Bronx,211.0,13.0,2048796.0,2042880035.0,BX49,40.85446105,-73.8661682
5662,A0171842,INS-000749613,05/31/2024,2024,BA-1429125-2022,BA-1429125,MERRICK MEAT MARKET INC,,Grocery-Retail - 808,Scale,Scale,Scale Inspection,Computing Scale - 01,8,7,4,Confiscated,Complete Address,10830,MERRICK BLVD,,,,JAMAICA,NY,11433,Queens,412.0,27.0,4216668.0,4101780125.0,QN01,40.6977117,-73.7861878
5751,A0213881,INS-000832954,02/28/2025,2025,BA-1596402-2023,BA-1596402,MANHATTAN BEST DELI & GRILL INC,,Grocery-Retail - 808,Scale,Scale,Scale Inspection,Computing Scale - 01,1,0,1,Confiscated,Complete Address,57,AUDUBON AVE,,,,NEW YORK,NY,10032,Manhattan,112.0,10.0,1062995.0,1021250026.0,MN36,40.84057083,-73.93828971
5820,A0194389,INS-000794929,10/17/2024,2024,BA-1451804-2022,BA-1451804,M & A FRUITS & DELI CORP,,Grocery-Retail - 808,Scale,Scale,Scale Inspection,Computing Scale - 01,1,0,3,Confiscated,Complete Address,1976,ARTHUR AVENUE,,STE,76,BRONX,NY,10457,Bronx,206.0,15.0,2011976.0,2030680055.0,BX17,40.84680125,-73.89312546
5826,A0190608,INS-000778173,09/26/2024,2024,BA-1707531-2024,BA-1707531,"LUS LICENSING, LLC",Lidl-1576,Grocery-Retail - 808,Scale,Scale,Scale Inspection,Computing Scale - 01,1,0,4,Confiscated,Complete Address,25901,UNION TPKE,,,,GLEN OAKS,NY,11004,Queens,413.0,23.0,4439455.0,4085130002.0,QN44,40.74656822,-73.71283712
5827,A0208809,INS-000822721,01/24/2025,2025,BA-1628903-2023,BA-1628903,LUPITAS MEXICAN GROCERY II INC,LUPITAS MEXICAN GROCERY II,Grocery-Retail - 808,Scale,Scale,Scale Inspection,Computing Scale - 01,1,0,1,Confiscated,Complete Address,654,E 233RD ST,,,,BRONX,NY,10466,Bronx,212.0,11.0,2093687.0,2048350059.0,BX44,40.89389926,-73.85898867
6091,A0207738,INS-000820625,01/15/2025,2025,BA-1168744-2022,BA-1168744,L.P. MINI MARKET CORP,,Grocery-Retail - 808,Scale,Scale,Scale Inspection,Computing Scale - 01,1,0,1,Confiscated,Complete Address,11202,FARMERS BLVD,,,,SAINT ALBANS,NY,11412,Queens,412.0,27.0,4222057.0,4104400010.0,,40.70075964,-73.76432982
6126,A0180040,INS-000766726,07/26/2024,2024,BA-1329374-2022,BA-1329374,KKISB CORP,LAST STOP DELI,Grocery-Retail - 808,Scale,Scale,Scale Inspection,Computing Scale - 01,1,0,4,Confiscated,Complete Address,10006,4TH AVE,,,,BROOKLYN,NY,11209,Brooklyn,310.0,47.0,3156122.0,3061370045.0,BK31,40.6126991,-74.03377708
6209,A0189230,INS-000784954,09/20/2024,2024,BA-1335574-2022,BA-1335574,KARMA FARMERS MARKET INC,FAMILY FRUIT,Grocery-Retail - 808,Scale,Scale,Scale Inspection,Computing Scale - 01,9,8,1,Confiscated,Complete Address,2270,HYLAN BLVD,,,,STATEN ISLAND,NY,10306,Staten Island,502.0,50.0,5053640.0,5037000001.0,SI45,40.57535717,-74.10482393
6218,A0154772,INS-000717591,02/16/2024,2024,BA-1282904-2022,BA-1282904,KAMLIN III LLC,,Grocery-Retail - 808,Scale,Scale,,No Fee Scale,1,0,4,Confiscated,Complete Address,6930,4TH AVE,,,,BROOKLYN,NY,11209,Brooklyn,310.0,47.0,3145708.0,3058720054.0,BK31,40.6342949,-74.02366386
6304,A0166954,INS-000739789,05/02/2024,2024,BA-1690979-2024,BA-1690979,JOE BAKERY INC.,,Grocery-Retail - 808,Scale,Scale,Scale Inspection,Computing Scale - 01,1,0,4,Confiscated,Complete Address,8517,18TH AVE,,,,BROOKLYN,NY,11214,Brooklyn,311.0,38.0,3165753.0,3063440001.0,BK28,40.6076646,-74.00212486
6305,A0190399,INS-000787054,09/26/2024,2024,BA-1690979-2024,BA-1690979,JOE BAKERY INC.,,Grocery-Retail - 808,Scale,Scale,Scale Inspection,Computing Scale - 01,1,0,4,Confiscated,Complete Address,8517,18TH AVE,,,,BROOKLYN,NY,11214,Brooklyn,311.0,38.0,3165753.0,3063440001.0,BK28,40.6076646,-74.00212486
6376,A0130058,INS-000657033,08/03/2023,2023,BA-1572278-2023,BA-1572278,Jamaica Finest Meat Corp,Green Valley Supermarket,Grocery-Retail - 808,Scale,Scale,,Computing Scale - 01,5,4,3,Confiscated,Complete Address,8508,JAMAICA AVE,,,,WOODHAVEN,NY,11421,Queens,409.0,32.0,4183846.0,4089220003.0,QN53,40.69252092,-73.85890612
6444,A0214445,INS-000833934,03/04/2025,2025,BA-1722946-2025,BA-1722946,ISAAC FISH MARKET INC.,,Grocery-Retail - 808,Scale,Scale,Scale Inspection,Computing Scale - 01,1,0,1,Confiscated,Complete Address,28,W BURNSIDE AVE,,,,BRONX,NY,10453,Bronx,205.0,14.0,2008632.0,2028700031.0,,40.85379992,-73.90871927
6476,A0148906,INS-000700172,01/03/2024,2024,BA-1582436-2023,BA-1582436,IBERIE DELI GROCERY CORP,PAMELA GREEN DELI,Grocery-Retail - 808,Scale,Scale,Scale Inspection,Computing Scale - 01,1,0,3,Confiscated,Complete Address,785,E 163RD ST,,,,BRONX,NY,10456,Bronx,203.0,17.0,2004858.0,2026690069.0,BX35,40.82266189,-73.90287986
6503,A0188361,INS-000785368,09/17/2024,2024,BA-1679440-2023,BA-1679440,HONOR GROCERY & DELI CORP.,,Grocery-Retail - 808,Scale,Scale,,No Fee Scale,1,0,4,Confiscated,Complete Address,1217,SHERMAN AVE,,,,BRONX,NY,10456,Bronx,204.0,16.0,2002688.0,2024530024.0,BX14,40.83402142,-73.91576064
6534,A0182094,INS-000770954,08/08/2024,2024,BA-1321896-2022,BA-1321896,HIGHLINE DELI II CORP.,,Grocery-Retail - 808,Scale,Scale,Scale Inspection,Computing Scale - 01,1,0,2,Confiscated,Complete Address,83,CANAL ST,,,,NEW YORK,NY,10002,Manhattan,103.0,1.0,1079647.0,1003000001.0,MN27,40.71528994,-73.99314978
6635,A0204696,INS-000814847,12/20/2024,2024,BA-1642873-2023,BA-1642873,GUIDY DELI AND GROCERY INC,,Grocery-Retail - 808,Scale,Scale,Scale Inspection,Computing Scale - 01,1,0,1,Confiscated,Complete Address,909,E 230TH ST,,,,BRONX,NY,10466,Bronx,212.0,12.0,2064690.0,2048660046.0,BX44,40.88932356,-73.85216276
7008,A0153917,INS-000715650,02/02/2024,2024,BA-1208677-2022,BA-1208677,EXPRESS DELI GROCERY INC I,,Grocery-Retail - 808,Scale,Scale,Scale Inspection,No Fee Scale,1,0,3,Confiscated,Complete Address,331,11TH ST,,,,BROOKLYN,NY,11215,Brooklyn,306.0,39.0,3337650.0,3010170001.0,BK37,40.66778842,-73.98689688
7297,A0138886,INS-000681923,10/11/2023,2023,BA-1227987-2022,BA-1227987,DELI FOR ME CORP,,Grocery-Retail - 808,Scale,Scale,,No Fee Scale,1,0,3,Confiscated,Complete Address,18744,HILLSIDE AVE,,,,JAMAICA,NY,11432,Queens,412.0,23.0,4212903.0,4099360031.0,QN61,40.71495888,-73.77418158
7300,A0162386,INS-000731913,04/05/2024,2024,BA-1690494-2024,BA-1690494,DELI COMBO INC,,Grocery-Retail - 808,Scale,Scale,Scale Inspection,Computing Scale - 01,2,1,4,Confiscated,Complete Address,42,REID AVE,,,,STATEN ISLAND,NY,10305,Staten Island,502.0,50.0,5050128.0,5033910027.0,SI14,40.59379445,-74.08045441
7369,A0211937,INS-000829848,02/13/2025,2025,BA-1596353-2023,BA-1596353,CROSBY DELI & GROCERY INC.,,Grocery-Retail - 808,Scale,Scale,Scale Inspection,Computing Scale - 01,1,0,1,Confiscated,Complete Address,1450,CROSBY AVE,,,,BRONX,NY,10461,Bronx,210.0,13.0,2074737.0,2053970001.0,BX52,40.84140601,-73.82984723
7400,A0178415,INS-000762832,07/17/2024,2024,BA-1209860-2022,BA-1209860,CONCORD MARKET CORP.,CONCORD MARKET,Grocery-Retail - 808,Scale,Scale,Scale Inspection,Computing Scale - 01,3,2,4,Confiscated,Complete Address,91,TILLARY ST,,,,BROOKLYN,NY,11201,Brooklyn,302.0,33.0,3325911.0,3000860011.0,BK38,40.69615296,-73.98741421
7561,A0197617,INS-000801526,11/06/2024,2024,BA-1202042-2022,BA-1202042,CARNICERA LA PALMA & MINI MARKET CORP,,Grocery-Retail - 808,Scale,Scale,Scale Inspection,Computing Scale - 01,3,2,3,Confiscated,Complete Address,8030,JAMAICA AVE,,,,WOODHAVEN,NY,11421,Queens,409.0,32.0,4183704.0,4089190010.0,QN53,40.69225213,-73.86132995
7592,A0207621,INS-000820442,01/15/2025,2025,BA-1219880-2022,BA-1219880,"CAFE BRAVO, INC.",,Grocery-Retail - 808,Scale,Scale,Scale Inspection,Computing Scale - 01,2,1,1,Confiscated,Complete Address,352,9TH AVE,,,,NEW YORK,NY,10001,Manhattan,104.0,3.0,1013511.0,1007540001.0,MN13,40.75108447,-73.99797162
7698,A0146217,INS-000695261,12/08/2023,2023,BA-1002976-2022,BA-1002976,BRAUN TUNA,,Grocery-Retail - 808,Scale,Scale,Scale Inspection,No Fee Scale,1,0,3,Confiscated,Complete Address,7214,MAIN ST,,,,FLUSHING,NY,11367,Queens,408.0,24.0,4143394.0,4066210002.0,QN37,40.72626277,-73.82162662
7798,A0158731,INS-000725329,03/15/2024,2024,BA-1107968-2022,BA-1107968,BEST EMMONS BAGEL INC.,,Grocery-Retail - 808,Scale,Scale,Scale Inspection,Computing Scale - 01,1,0,3,Confiscated,Complete Address,2253,EMMONS AVE,,,,BROOKLYN,NY,11235,Brooklyn,315.0,48.0,3342943.0,3087830064.0,BK17,40.58369198,-73.94471937
7963,A0151842,INS-000708701,01/26/2024,2024,BA-1631875-2023,BA-1631875,ASIAN FOOD 888 INC,,Grocery-Retail - 808,Scale,Scale,Scale Inspection,Computing Scale - 01,2,0,3,Confiscated,Complete Address,41-31,MAIN STREET,,UNIT,A1,FLUSHING,NY,11355,Outside NYC,407.0,20.0,4114281.0,4050430009.0,QN22,40.75731721,-73.82904052
8199,A0187256,INS-000781391,09/10/2024,2024,BA-1121078-2022,BA-1121078,AF RIVERDALE MEAT MARKET CORP,,Grocery-Retail - 808,Scale,Scale,Scale Inspection,Computing Scale - 01,3,2,4,Confiscated,Complete Address,5587,BROADWAY,,,,BRONX,NY,10463,Bronx,208.0,11.0,2083160.0,2057040045.0,BX29,40.87913842,-73.90464884
8220,A0209963,INS-000826278,01/31/2025,2025,BA-1677877-2023,BA-1677877,ACEMAK DELI & GROCERY INC,,Grocery-Retail - 808,Scale,Scale,Scale Inspection,Computing Scale - 01,1,0,1,Confiscated,Complete Address,363,E 180TH ST,,,,BRONX,NY,10457,Bronx,205.0,15.0,2013318.0,2031430132.0,BX41,40.85214772,-73.89897269
8432,A0211329,INS-000828757,02/11/2025,2025,BA-1001621-2022,BA-1001621,"53RD ST. FOOD, LLC.",BLAKE & TODD,Grocery-Retail - 808,Scale,Scale,Scale Inspection,Computing Scale - 01,3,2,1,Confiscated,Complete Address,52,E 53RD ST,,,,NEW YORK,NY,10022,Manhattan,105.0,4.0,1083869.0,1012880027.0,MN17,40.75944469,-73.97355194
8727,A0208287,INS-000835596,01/22/2025,2025,BA-1616765-2023,BA-1616765,1407 WESTSIDE MARKET  LLC,WESTSIDE MARKET,Grocery-Retail - 808,Scale,Scale,Scale Inspection,Computing Scale - 01,16,15,1,Confiscated,Complete Address,1407,LEXINGTON AVE,,,,NEW YORK,NY,10128,Manhattan,108.0,5.0,1048344.0,1015210020.0,MN40,40.78344899,-73.95268543
