,Record ID,Related Record Type,Business Unique ID,Business Name,DBA/Trade Name,Business Category,Certificate of Inspection,Inspection Number,NOH Number,Violation Date,Charge,Charge Count,Cure Eligible,Cured,Outcome,Guilty,Not Guilty,Dismissed
16,10172-2023-ADJC,dcwp_InspectionRequest,BA-1539291-2022,THE STOP & SHOP SUPERMARKET COMPANY LLC,STOP & SHOP #508,Supermarket,A0132380,INS-000661276,23Q01108,08/22/2023,"NY Agri & Mkts § 190(5) - NO """"FOR CUSTOMER USE"""" SIGN POSTED OR NOR NEAR CUSTOMER SCALE/S IN/NEAR PREPACKAGED FOOD AREA.",1.0,,,Default Decision,1.0,,
20,39278-2025-ADJC,dcwp_InspectionRequest,BA-1695809-2024,KAMAL CORPORATION,,Supermarket,A0217500,INS-000839311,25Q00677,03/21/2025,NY Agri & Mkts § 190(5) - CUSTOMER SCALE IS NOT AN ACCURATE COMPUTING SCALE OF SUFFICIENT CAPACITY,1.0,,,Pleaded,1.0,,
24,39355-2025-ADJC,dcwp_InspectionRequest,BA-1116900-2022,ALMONTE PLAZA FOOD CORP,,Supermarket,A0217195,INS-000838783,25N00593,03/20/2025,1 NYCRR § 221.13(b)(18) - DELI ITEMS DO NOT HAVE PRICES DISPLAYED,1.0,,,Pleaded,1.0,,
26,39532-2025-ADJC,dcwp_InspectionRequest,BA-1343477-2022,"J & B MEAT MARKET, INC.",SHOP FAIR SUPERMARKET,Supermarket,A0217242,INS-000838863,25M00900,03/20/2025,NY Agri & Mkts § 190(5) - STORE DOES NOT HAVE A SCALE FOR CUSTOMERS,1.0,No,,Pleaded,1.0,,
28,39352-2025-ADJC,dcwp_InspectionRequest,BA-1566491-2022,THYAGO INC,,Supermarket,A0217111,INS-000838644,25N00586,03/19/2025,NY Agri & Mkts § 190(5) - CUSTOMER SCALE IS NOT AN ACCURATE COMPUTING SCALE OF SUFFICIENT CAPACITY,1.0,,,Pleaded,1.0,,
33,38983-2025-ADJC,dcwp_InspectionRequest,BA-1408926-2022,PS MEAT CORP.,,Supermarket,A0216643,INS-000837854,25M00861,03/18/2025,"NY Agri & Mkts § 190(5) - NO """"FOR CUSTOMER USE"""" SIGN POSTED OR NOR NEAR CUSTOMER SCALE/S IN/NEAR PREPACKAGED FOOD AREA.",1.0,,,Pleaded,1.0,,
36,38976-2025-ADJC,dcwp_InspectionRequest,BA-1337449-2022,"JUNCALITO MEAT & PRODUCE, INC.",,Supermarket,A0216682,INS-000837918,25M00864,03/18/2025,1 NYCRR § 221.13(b)(18) - DELI ITEMS DO NOT HAVE PRICES DISPLAYED,1.0,,,Pleaded,1.0,,
44,39302-2025-ADJC,dcwp_InspectionRequest,BA-1722608-2025,"Moisha's Kosher Discount Supermarket, Inc.",,Supermarket,A0216334,INS-000837215,25N00550,03/14/2025,"NY Agri & Mkts § 190(5) - NO """"FOR CUSTOMER USE"""" SIGN POSTED OR NOR NEAR CUSTOMER SCALE/S IN/NEAR PREPACKAGED FOOD AREA.",1.0,,,Pleaded,1.0,,
47,38811-2025-ADJC,dcwp_InspectionRequest,BA-1574937-2023,NEW RENAISSANCE INC,FRESH MARKET,Supermarket,A0216034,INS-000836715,25X00388,03/13/2025,NY Agri & Mkts § 190(5) - STORE DOES NOT HAVE A SCALE FOR CUSTOMERS,1.0,,,Pleaded,1.0,,
57,10968-2023-ADJC,dcwp_InspectionRequest,BA-1090902-2022,7TH AVE GOURMET INC.,,Supermarket,A0134551,INS-000664869,23N01069,09/08/2023,NY Agri & Mkts § 190(5) - STORE DOES NOT HAVE A SCALE FOR CUSTOMERS,1.0,,,Default Decision,1.0,,
68,38377-2025-ADJC,dcwp_InspectionRequest,BA-1329643-2022,HANA MART COLUMBIA CORP.,,Supermarket,A0214285,INS-000833656,25M00715,03/04/2025,"NY Agri & Mkts § 190(5) - NO """"FOR CUSTOMER USE"""" SIGN POSTED OR NOR NEAR CUSTOMER SCALE/S IN/NEAR PREPACKAGED FOOD AREA.",1.0,No,,Pleaded,1.0,,
70,11271-2023-ADJC,dcwp_InspectionRequest,BA-1637925-2023,"700 FOOTHILL FOOD CO., LLC",,Supermarket,A0135792,INS-000667147,23Q01305,09/18/2023,NY Agri & Mkts § 190(5) - STORE DOES NOT HAVE A SCALE FOR CUSTOMERS,1.0,,,Default Decision,1.0,,
75,11350-2023-ADJC,dcwp_InspectionRequest,BA-1008404-2022,165 YORK FINE FOOD CORP.,,Supermarket,A0135996,INS-000676835,23N02825,09/19/2023,1 NYCRR § 221.13(b)(18) - DELI ITEMS DO NOT HAVE PRICES DISPLAYED,1.0,,,Default Decision,1.0,,
76,38445-2025-ADJC,dcwp_InspectionRequest,BA-1583284-2023,ALMONTE GARDENS FOOD CORP.,Fine fare supermarket,Supermarket,A0213298,INS-000832088,25Q00436,02/26/2025,NY Agri & Mkts § 190(5) - STORE DOES NOT HAVE A SCALE FOR CUSTOMERS,1.0,No,,Pleaded,1.0,,
78,38005-2025-ADJC,dcwp_InspectionRequest,BA-1652983-2023,AMANA FOOD LLC,FOOD DYNASTY,Supermarket,A0212746,INS-000831168,25Q00410,02/21/2025,"NY Agri & Mkts § 190(5) - NO """"FOR CUSTOMER USE"""" SIGN POSTED OR NOR NEAR CUSTOMER SCALE/S IN/NEAR PREPACKAGED FOOD AREA.",1.0,,,Pleaded,1.0,,
82,38243-2025-ADJC,dcwp_InspectionRequest,BA-1224374-2022,ESPERANZA MEAT CORP.,,Supermarket,A0212794,INS-000831241,25Q00414,02/21/2025,NY Agri & Mkts § 190(5) - CUSTOMER SCALE IS NOT AN ACCURATE COMPUTING SCALE OF SUFFICIENT CAPACITY,1.0,,,Pleaded,1.0,,
87,9258-2023-ADJC,dcwp_InspectionRequest,BA-1417751-2022,MOTHER FOOD CORP.,,Supermarket,A0129970,INS-000656872,23Q00992,08/02/2023,1 NYCRR § 221.13(b)(18) - DELI ITEMS DO NOT HAVE PRICES DISPLAYED,1.0,,,Default Decision,1.0,,
88,11781-2023-ADJC,dcwp_InspectionRequest,BA-1230287-2022,D.A.R. FOOD CORP.,,Supermarket,A0136821,INS-000678383,23Q02655,09/25/2023,"NY Agri & Mkts § 190(5) - NO """"FOR CUSTOMER USE"""" SIGN POSTED OR NOR NEAR CUSTOMER SCALE/S IN/NEAR PREPACKAGED FOOD AREA.",1.0,,,Default Decision,1.0,,
91,37788-2025-ADJC,dcwp_InspectionRequest,BA-1327465-2022,H F DOLLAR & UP FRUIT AND VEGETABLE CORP,,Supermarket,A0212401,INS-000830646,25Q00393,02/19/2025,"NY Agri & Mkts § 190(5) - NO """"FOR CUSTOMER USE"""" SIGN POSTED OR NOR NEAR CUSTOMER SCALE/S IN/NEAR PREPACKAGED FOOD AREA.",1.0,No,No,Pleaded,1.0,,
99,37964-2025-ADJC,dcwp_InspectionRequest,BA-1112199-2022,116-15 GMV CORP.,,Supermarket,A0212301,INS-000830462,25Q00384,02/18/2025,NY Agri & Mkts § 190(5) - STORE DOES NOT HAVE A SCALE FOR CUSTOMERS,1.0,No,,Pleaded,1.0,,
104,37762-2025-ADJC,dcwp_InspectionRequest,BA-1699253-2024,Seneca Foods Sellers Inc.,Super Fresh Supermarket,Supermarket,A0211878,INS-000829751,25Q00356,02/13/2025,"NY Agri & Mkts § 190(5) - NO """"FOR CUSTOMER USE"""" SIGN POSTED OR NOR NEAR CUSTOMER SCALE/S IN/NEAR PREPACKAGED FOOD AREA.",1.0,No,,Pleaded,1.0,,
105,37578-2025-ADJC,dcwp_InspectionRequest,BA-1447424-2022,R & M GLATT SUPERMARKET OF 108 ST. CORP,,Supermarket,A0211521,INS-000829184,25Q00336,02/12/2025,"NY Agri & Mkts § 190(5) - NO """"FOR CUSTOMER USE"""" SIGN POSTED OR NOR NEAR CUSTOMER SCALE/S IN/NEAR PREPACKAGED FOOD AREA.",1.0,No,,Pleaded,1.0,,
118,37356-2025-ADJC,dcwp_InspectionRequest,BA-1294617-2022,GREEN ACRES FARMS INC.,,Supermarket,A0210911,INS-000826709,25N00279,02/06/2025,NY Agri & Mkts § 190(5) - STORE DOES NOT HAVE A SCALE FOR CUSTOMERS,1.0,,,Pleaded,1.0,,
121,37388-2025-ADJC,dcwp_InspectionRequest,BA-1563888-2022,VSM NY Holdings LLC,,Supermarket,A0210896,INS-000827919,25M00490,02/06/2025,"NY Agri & Mkts § 190(5) - NO """"FOR CUSTOMER USE"""" SIGN POSTED OR NOR NEAR CUSTOMER SCALE/S IN/NEAR PREPACKAGED FOOD AREA.",1.0,,,Pleaded,1.0,,
128,37276-2025-ADJC,dcwp_InspectionRequest,BA-1073793-2022,AO XIN ZHOU SUPERMARKET INC,The Milk Farm,Supermarket,A0210399,INS-000827073,25Q00279,02/04/2025,"1 NYCRR § 221.5(c) - LABELS DO NOT CLEARLY STATE THE NET QUANTITY OF ITEMS IN CONTAINERS or PACAKGE IN TERMS OF WEIGHT, MEASURE OR COUNT",2.0,No,,Pleaded,2.0,,
133,37456-2025-ADJC,dcwp_InspectionRequest,BA-1538483-2022,TASHKENT SUPERMARKET LLC,,Supermarket,A0209651,INS-000825767,25N00226,01/30/2025,NY Agri & Mkts § 190(5) - STORE DOES NOT HAVE A SCALE FOR CUSTOMERS,1.0,No,,Pleaded,1.0,,
139,36890-2025-ADJC,dcwp_InspectionRequest,BA-1560183-2022,RL FOOD CORP,KEY FOOD,Supermarket,A0208819,INS-000822105,25Q00193,01/24/2025,NY Agri & Mkts § 190(5) - STORE DOES NOT HAVE A SCALE FOR CUSTOMERS,1.0,,,Pleaded,1.0,,
147,36894-2025-ADJC,dcwp_InspectionRequest,BA-1110417-2022,123 FRESH MARKET INC,,Supermarket,A0208529,INS-000822289,25Q00189,01/23/2025,"1 NYCRR § 221.5(c) - LABELS DO NOT CLEARLY STATE THE NET QUANTITY OF ITEMS IN CONTAINERS or PACAKGE IN TERMS OF WEIGHT, MEASURE OR COUNT",2.0,,,Pleaded,2.0,,
159,36746-2025-ADJC,dcwp_InspectionRequest,BA-1700377-2024,KING FOOD MARKET INC.,STAR MARKET,Supermarket,A0208091,INS-000821372,25N00154,01/17/2025,"NY Agri & Mkts § 190(5) - NO """"FOR CUSTOMER USE"""" SIGN POSTED OR NOR NEAR CUSTOMER SCALE/S IN/NEAR PREPACKAGED FOOD AREA.",1.0,,,Pleaded,1.0,,
160,36714-2025-ADJC,dcwp_InspectionRequest,BA-992605-2022,"700 FOOTHILL FOOD CO., LLC",,Supermarket,A0207891,INS-000820899,25Q00143,01/16/2025,"NY Agri & Mkts § 190(5) - NO """"FOR CUSTOMER USE"""" SIGN POSTED OR NOR NEAR CUSTOMER SCALE/S IN/NEAR PREPACKAGED FOOD AREA.",1.0,,,Pleaded,1.0,,
164,36539-2025-ADJC,dcwp_InspectionRequest,BA-1639547-2023,E&W FOOD CORP.,CENTRAL MARKET,Supermarket,A0207650,INS-000820485,25N00123,01/15/2025,"1 NYCRR § 221.5(c) - LABELS DO NOT CLEARLY STATE THE NET QUANTITY OF ITEMS IN CONTAINERS or PACAKGE IN TERMS OF WEIGHT, MEASURE OR COUNT",2.0,,,Pleaded,2.0,,
170,36405-2025-ADJC,dcwp_InspectionRequest,BA-1417283-2022,MANGO NOSTRAND FARM MARKET CORP.,,Supermarket,A0207350,INS-000819955,25N00100,01/14/2025,NY Agri & Mkts § 190(5) - STORE DOES NOT HAVE A SCALE FOR CUSTOMERS,1.0,,,Pleaded,1.0,,
171,36157-2025-ADJC,dcwp_InspectionRequest,BA-1109175-2022,89-02 FOOD CORP.,TRADE FAIR,Supermarket,A0206974,INS-000819245,25Q00073,01/10/2025,"NY Agri & Mkts § 190(5) - NO """"FOR CUSTOMER USE"""" SIGN POSTED OR NOR NEAR CUSTOMER SCALE/S IN/NEAR PREPACKAGED FOOD AREA.",1.0,No,,Pleaded,1.0,,
173,13726-2023-ADJC,dcwp_InspectionRequest,BA-1122304-2022,4138 Broadway Food LLC,FOOD EMPORIUM,Supermarket,A0142360,INS-000687840,23M04188,11/09/2023,"NY Agri & Mkts § 190(5) - NO """"FOR CUSTOMER USE"""" SIGN POSTED OR NOR NEAR CUSTOMER SCALE/S IN/NEAR PREPACKAGED FOOD AREA.",1.0,,,Default Decision,1.0,,
182,36144-2025-ADJC,dcwp_InspectionRequest,BA-1312156-2022,K & J ROCHDALE FOOD CORP,,Supermarket,A0206776,INS-000818864,25Q00054,01/09/2025,"NY Agri & Mkts § 190(5) - NO """"FOR CUSTOMER USE"""" SIGN POSTED OR NOR NEAR CUSTOMER SCALE/S IN/NEAR PREPACKAGED FOOD AREA.",1.0,No,,Pleaded,1.0,,
186,13894-2023-ADJC,dcwp_InspectionRequest,BA-1334822-2022,J & F MEAT MARKET CORP.,,Supermarket,A0141759,INS-000686790,23M04127,11/02/2023,NY Agri & Mkts § 190(5) - STORE DOES NOT HAVE A SCALE FOR CUSTOMERS,1.0,,,Default Decision,1.0,,
187,36145-2025-ADJC,dcwp_InspectionRequest,BA-1339928-2022,J MART GROUP INC.,,Supermarket,A0206765,INS-000818844,25Q00053,01/09/2025,"1 NYCRR § 221.5(c) - LABELS DO NOT CLEARLY STATE THE NET QUANTITY OF ITEMS IN CONTAINERS or PACAKGE IN TERMS OF WEIGHT, MEASURE OR COUNT",1.0,,,Pleaded,1.0,,
190,13966-2023-ADJC,dcwp_InspectionRequest,BA-1284348-2022,KING MEAT CORP.,,Supermarket,A0141808,INS-000686883,23M04135,11/02/2023,"NY Agri & Mkts § 190(5) - NO """"FOR CUSTOMER USE"""" SIGN POSTED OR NOR NEAR CUSTOMER SCALE/S IN/NEAR PREPACKAGED FOOD AREA.",1.0,,,Default Decision,1.0,,
192,36154-2025-ADJC,dcwp_InspectionRequest,BA-1557589-2022,ROCHDALE MEAT & PRODUCE LLC,,Supermarket,A0206684,INS-000818705,25Q00050,01/09/2025,"NY Agri & Mkts § 190(5) - NO """"FOR CUSTOMER USE"""" SIGN POSTED OR NOR NEAR CUSTOMER SCALE/S IN/NEAR PREPACKAGED FOOD AREA.",1.0,No,,Pleaded,1.0,,
198,35995-2025-ADJC,dcwp_InspectionRequest,BA-1427617-2022,RANCHOS FOOD CORP.,BRAVO SUPERMARKET,Supermarket,A0206435,INS-000818198,25M00051,01/07/2025,NY Agri & Mkts § 190(5) - STORE DOES NOT HAVE A SCALE FOR CUSTOMERS,1.0,,,Pleaded,1.0,,
199,36130-2025-ADJC,dcwp_InspectionRequest,BA-1693253-2024,124 LIBERTY LLC,APNA BAZAR FARMERS MARKET,Supermarket,A0206505,INS-000818329,25Q00040,01/07/2025,NY Agri & Mkts § 190(5) - STORE DOES NOT HAVE A SCALE FOR CUSTOMERS,1.0,No,No,Pleaded,1.0,,
203,14100-2023-ADJC,dcwp_InspectionRequest,BA-1676740-2023,Westside Supermarket LLC,,Supermarket,A0142861,INS-000686056,23M04215,11/15/2023,"1 NYCRR § 221.5(c) - LABELS DO NOT CLEARLY STATE THE NET QUANTITY OF ITEMS IN CONTAINERS or PACAKGE IN TERMS OF WEIGHT, MEASURE OR COUNT",1.0,,,Default Decision,1.0,,
204,36134-2025-ADJC,dcwp_InspectionRequest,BA-1680614-2023,WALFOOD INCORPORATED,WALFOOD SUPERMARKET,Supermarket,A0206444,INS-000818216,25Q00034,01/07/2025,NY Agri & Mkts § 190(5) - STORE DOES NOT HAVE A SCALE FOR CUSTOMERS,1.0,No,No,Pleaded,1.0,,
210,35917-2025-ADJC,dcwp_InspectionRequest,BA-1545739-2022,TREMONT FOOD CORP.,KEY FOOD #1327,Supermarket,A0206121,INS-000817532,25X00007,01/03/2025,NY Agri & Mkts § 190(5) - CUSTOMER SCALE IS NOT AN ACCURATE COMPUTING SCALE OF SUFFICIENT CAPACITY,1.0,,,Pleaded,1.0,,
213,35954-2025-ADJC,dcwp_InspectionRequest,BA-1294514-2022,KWONS CORP,,Supermarket,A0206146,INS-000817578,25Q00017,01/03/2025,"NY Agri & Mkts § 190(5) - NO """"FOR CUSTOMER USE"""" SIGN POSTED OR NOR NEAR CUSTOMER SCALE/S IN/NEAR PREPACKAGED FOOD AREA.",1.0,No,,Pleaded,1.0,,
224,35818-2024-ADJC,dcwp_InspectionRequest,BA-1191323-2022,DHY SONAMOO LLC,KEY FOOD,Supermarket,A0205670,INS-000816757,24N04336,12/31/2024,"NY Agri & Mkts § 190(5) - NO """"FOR CUSTOMER USE"""" SIGN POSTED OR NOR NEAR CUSTOMER SCALE/S IN/NEAR PREPACKAGED FOOD AREA.",1.0,No,,Pleaded,1.0,,
227,35877-2025-ADJC,dcwp_InspectionRequest,BA-1708423-2024,"Har Northern, Inc.",HANAHREUM SUPERMARKET,Supermarket,A0205664,INS-000816750,24Q03278,12/31/2024,NY Agri & Mkts § 190(5) - CUSTOMER SCALE IS NOT AN ACCURATE COMPUTING SCALE OF SUFFICIENT CAPACITY,1.0,No,No,Pleaded,1.0,,
235,35652-2024-ADJC,dcwp_InspectionRequest,BA-1481037-2022,Zabar's & Co. Inc.,,Supermarket,A0205271,INS-000815876,24M04778,12/26/2024,"1 NYCRR § 221.5(c) - LABELS DO NOT CLEARLY STATE THE NET QUANTITY OF ITEMS IN CONTAINERS or PACAKGE IN TERMS OF WEIGHT, MEASURE OR COUNT",1.0,,,Pleaded,1.0,,
238,35653-2024-ADJC,dcwp_InspectionRequest,BA-1717202-2024,Fresh Harvest Market,,Supermarket,A0205234,INS-000815369,24M04775,12/26/2024,"NY Agri & Mkts § 190(5) - NO """"FOR CUSTOMER USE"""" SIGN POSTED OR NOR NEAR CUSTOMER SCALE/S IN/NEAR PREPACKAGED FOOD AREA.",1.0,,,Pleaded,1.0,,
240,35710-2024-ADJC,dcwp_InspectionRequest,BA-1706902-2024,1188 Flatbush Meat & Produce Inc.,C-TOWN,Supermarket,A0205218,INS-000815782,24N04310,12/26/2024,"NY Agri & Mkts § 190(5) - NO """"FOR CUSTOMER USE"""" SIGN POSTED OR NOR NEAR CUSTOMER SCALE/S IN/NEAR PREPACKAGED FOOD AREA.",1.0,,,Pleaded,1.0,,
243,35721-2024-ADJC,dcwp_InspectionRequest,BA-1257555-2022,"NEW EASTERN II FRUIT & VEGETABLES, INC.",,Supermarket,A0205380,INS-000816082,24N04319,12/26/2024,NY Agri & Mkts § 190(5) - STORE DOES NOT HAVE A SCALE FOR CUSTOMERS,1.0,No,,Pleaded,1.0,,
248,35678-2024-ADJC,dcwp_InspectionRequest,BA-1120651-2022,ALMONTE HEIGHTS FOOD CORP.,,Supermarket,A0205050,INS-000815500,24N04297,12/24/2024,NY Agri & Mkts § 190(5) - STORE DOES NOT HAVE A SCALE FOR CUSTOMERS,1.0,,,Pleaded,1.0,,
249,35688-2024-ADJC,dcwp_InspectionRequest,BA-1257171-2022,CORO FOOD CORP.,TRADE FAIR,Supermarket,A0205134,INS-000814325,24Q03250,12/24/2024,"NY Agri & Mkts § 190(5) - NO """"FOR CUSTOMER USE"""" SIGN POSTED OR NOR NEAR CUSTOMER SCALE/S IN/NEAR PREPACKAGED FOOD AREA.",1.0,,,Pleaded,1.0,,
253,35696-2024-ADJC,dcwp_InspectionRequest,BA-1623761-2023,2014  CROPSEY  LLC,KEY  FOOD  FRESH  SUPERMARKET,Supermarket,A0205142,INS-000815634,24N04303,12/24/2024,NY Agri & Mkts § 190(5) - STORE DOES NOT HAVE A SCALE FOR CUSTOMERS,1.0,,,Pleaded,1.0,,
268,35480-2024-ADJC,dcwp_InspectionRequest,BA-1717220-2024,EZ FRESH SUPERMARKET INC,,Supermarket,A0204748,INS-000814933,24N04277,12/20/2024,"1 NYCRR § 221.5(c) - LABELS DO NOT CLEARLY STATE THE NET QUANTITY OF ITEMS IN CONTAINERS or PACAKGE IN TERMS OF WEIGHT, MEASURE OR COUNT",2.0,No,,Pleaded,2.0,,
273,35522-2024-ADJC,dcwp_InspectionRequest,BA-1218354-2022,F & V FOOD CORP.,,Supermarket,A0204723,INS-000814412,24M04732,12/20/2024,"1 NYCRR § 221.5(c) - LABELS DO NOT CLEARLY STATE THE NET QUANTITY OF ITEMS IN CONTAINERS or PACAKGE IN TERMS OF WEIGHT, MEASURE OR COUNT",2.0,,,Pleaded,2.0,,
274,35676-2024-ADJC,dcwp_InspectionRequest,BA-1332126-2022,"KOSHER CORNER SUPERMARKET, INC.",,Supermarket,A0204856,INS-000815124,24N04284,12/20/2024,"1 NYCRR § 221.5(c) - LABELS DO NOT CLEARLY STATE THE NET QUANTITY OF ITEMS IN CONTAINERS or PACAKGE IN TERMS OF WEIGHT, MEASURE OR COUNT",2.0,,,Pleaded,2.0,,
280,35447-2024-ADJC,dcwp_InspectionRequest,BA-1547211-2022,RENHE MARKET INC.,,Supermarket,A0204400,INS-000814310,24N04256,12/19/2024,"1 NYCRR § 221.5(c) - LABELS DO NOT CLEARLY STATE THE NET QUANTITY OF ITEMS IN CONTAINERS or PACAKGE IN TERMS OF WEIGHT, MEASURE OR COUNT",2.0,,,Pleaded,2.0,,
284,15649-2023-ADJC,dcwp_InspectionRequest,BA-1680233-2023,M & D 21 FOOD CORP.,,Supermarket,A0147325,INS-000694867,23Q03305,12/18/2023,1 NYCRR § 221.13(b)(18) - DELI ITEMS DO NOT HAVE PRICES DISPLAYED,1.0,,,Default Decision,1.0,,
291,35411-2024-ADJC,dcwp_InspectionRequest,BA-1552645-2022,"TEGS MANAGEMENT, LLC",GOURMANOFF,Supermarket,A0203728,INS-000812947,24N04217,12/13/2024,"1 NYCRR § 221.5(c) - LABELS DO NOT CLEARLY STATE THE NET QUANTITY OF ITEMS IN CONTAINERS or PACAKGE IN TERMS OF WEIGHT, MEASURE OR COUNT",2.0,,,Pleaded,2.0,,
296,35026-2024-ADJC,dcwp_InspectionRequest,BA-1560223-2022,"VILLA JUANA PRODUCE, INC.",City Fresh Market,Supermarket,A0203438,INS-000812469,24X02008,12/12/2024,NY Agri & Mkts § 190(5) - CUSTOMER SCALE IS NO EASILY ACCESSIBLE TO CUSTOMERS,1.0,,,Pleaded,1.0,,
297,35101-2024-ADJC,dcwp_InspectionRequest,BA-1119367-2022,AGUILAR MEAT & PRODUCE INC,KEY FOOD MARKET PLACE,Supermarket,A0203504,INS-000812570,24Q03167,12/12/2024,NY Agri & Mkts § 190(5) - CUSTOMER SCALE IS NOT AN ACCURATE COMPUTING SCALE OF SUFFICIENT CAPACITY,1.0,,,Pleaded,1.0,,
299,35263-2024-ADJC,dcwp_InspectionRequest,BA-1308009-2022,JOAN FOOD CORP,CTOWN,Supermarket,A0203435,INS-000812466,24N04197,12/12/2024,"NY Agri & Mkts § 190(5) - NO """"FOR CUSTOMER USE"""" SIGN POSTED OR NOR NEAR CUSTOMER SCALE/S IN/NEAR PREPACKAGED FOOD AREA.",1.0,No,,Pleaded,1.0,,
301,35270-2024-ADJC,dcwp_InspectionRequest,BA-1662097-2023,20TH AVE SUPERMARKET INC,,Supermarket,A0203480,INS-000812534,24N04199,12/12/2024,"1 NYCRR § 221.5(c) - LABELS DO NOT CLEARLY STATE THE NET QUANTITY OF ITEMS IN CONTAINERS or PACAKGE IN TERMS OF WEIGHT, MEASURE OR COUNT",2.0,No,No,Pleaded,2.0,,
302,35348-2024-ADJC,dcwp_InspectionRequest,BA-1716662-2024,"R & C 52 ARLINGTON MARKETPLACE, INC.",,Supermarket,A0203643,INS-000812786,24N04208,12/12/2024,"NY Agri & Mkts § 190(5) - NO """"FOR CUSTOMER USE"""" SIGN POSTED OR NOR NEAR CUSTOMER SCALE/S IN/NEAR PREPACKAGED FOOD AREA.",1.0,No,,Pleaded,1.0,,
303,36028-2025-ADJC,dcwp_InspectionRequest,BA-1329666-2022,KF ENNIS 86 LLC,FOOD UNIVERSE MARKETPLACE,Supermarket,A0203418,INS-000818416,25N00043,12/12/2024,NY Agri & Mkts § 190(5) - STORE DOES NOT HAVE A SCALE FOR CUSTOMERS,1.0,No,,Pleaded,1.0,,
304,35015-2024-ADJC,dcwp_InspectionRequest,BA-1626639-2023,SKY FOODS MARKETS INC,,Supermarket,A0203186,INS-000811999,24Q03146,12/11/2024,"1 NYCRR § 221.5(c) - LABELS DO NOT CLEARLY STATE THE NET QUANTITY OF ITEMS IN CONTAINERS or PACAKGE IN TERMS OF WEIGHT, MEASURE OR COUNT",2.0,,,Pleaded,2.0,,
306,35016-2024-ADJC,dcwp_InspectionRequest,BA-1452121-2022,MAZAL GLATT SUPERMARKET INC,,Supermarket,A0203168,INS-000811965,24Q03144,12/11/2024,1 NYCRR § 221.13(b)(19) - FAILS TO POST SIGN STATING IDENTITY OF COMMODITY SOLD IN BULK AND PRICE PER POUND OR UNIT PRICE,1.0,,,Pleaded,1.0,,
307,35196-2024-ADJC,dcwp_InspectionRequest,BA-1423450-2022,MUSCAT MARKET LLC,,Supermarket,A0203151,INS-000811940,24N04185,12/11/2024,NY Agri & Mkts § 190(5) - STORE DOES NOT HAVE A SCALE FOR CUSTOMERS,1.0,No,,Pleaded,1.0,,
309,35206-2024-ADJC,dcwp_InspectionRequest,BA-1274846-2022,"KOSHER PALACE SUPERMARKET, INC.",KOSHER PALACE,Supermarket,A0203214,INS-000812044,24N04190,12/11/2024,1 NYCRR § 221.13(b)(18) - DELI ITEMS DO NOT HAVE PRICES DISPLAYED,1.0,No,No,Pleaded,1.0,,
310,35210-2024-ADJC,dcwp_InspectionRequest,BA-1716567-2024,VANDERBILT FOOD CORP,,Supermarket,A0203330,INS-000812239,24N04195,12/11/2024,"1 NYCRR § 221.5(c) - LABELS DO NOT CLEARLY STATE THE NET QUANTITY OF ITEMS IN CONTAINERS or PACAKGE IN TERMS OF WEIGHT, MEASURE OR COUNT",1.0,No,No,Pleaded,1.0,,
312,35009-2024-ADJC,dcwp_InspectionRequest,BA-1541901-2022,SANTIAGO MEAT & PRODUCE INC,CHERRY VALLEY MARKET PLACE,Supermarket,A0203095,INS-000811830,24Q03140,12/10/2024,1 NYCRR § 221.13(b)(18) - DELI ITEMS DO NOT HAVE PRICES DISPLAYED,1.0,,,Pleaded,1.0,,
313,35147-2024-ADJC,dcwp_InspectionRequest,BA-1400821-2022,MAKSOUD BROS FOOD CORP.,,Supermarket,A0202887,INS-000811478,24N04162,12/10/2024,NY Agri & Mkts § 190(5) - STORE DOES NOT HAVE A SCALE FOR CUSTOMERS,1.0,No,,Pleaded,1.0,,
320,35159-2024-ADJC,dcwp_InspectionRequest,BA-1124230-2022,2720 CHURCH GROCERY CORP.,,Supermarket,A0203098,INS-000811837,24N04174,12/10/2024,"NY Agri & Mkts § 190(5) - NO """"FOR CUSTOMER USE"""" SIGN POSTED OR NOR NEAR CUSTOMER SCALE/S IN/NEAR PREPACKAGED FOOD AREA.",1.0,,,Pleaded,1.0,,
322,35163-2024-ADJC,dcwp_InspectionRequest,BA-1276446-2022,LA RANA MEAT CORP.,,Supermarket,A0203091,INS-000811825,24N04173,12/10/2024,"NY Agri & Mkts § 190(5) - NO """"FOR CUSTOMER USE"""" SIGN POSTED OR NOR NEAR CUSTOMER SCALE/S IN/NEAR PREPACKAGED FOOD AREA.",1.0,,,Pleaded,1.0,,
323,34993-2024-ADJC,dcwp_InspectionRequest,BA-1027553-2022,109 MEAT & PRODUCE CORP.,,Supermarket,A0202554,INS-000810800,24Q03112,12/06/2024,"NY Agri & Mkts § 190(5) - NO """"FOR CUSTOMER USE"""" SIGN POSTED OR NOR NEAR CUSTOMER SCALE/S IN/NEAR PREPACKAGED FOOD AREA.",1.0,,,Pleaded,1.0,,
326,16556-2024-ADJC,dcwp_InspectionRequest,BA-1105393-2022,ALDI INC,,Supermarket,A0149705,INS-000701749,24X00032,01/10/2024,NY Agri & Mkts § 190(5) - STORE DOES NOT HAVE A SCALE FOR CUSTOMERS,1.0,,,Default Decision,1.0,,
327,34996-2024-ADJC,dcwp_InspectionRequest,BA-1683653-2024,4125 MEAT CORP.,,Supermarket,A0202635,INS-000810939,24Q03119,12/06/2024,NY Agri & Mkts § 190(5) - CUSTOMER SCALE IS NOT AN ACCURATE COMPUTING SCALE OF SUFFICIENT CAPACITY,1.0,No,,Pleaded,1.0,,
329,35131-2024-ADJC,dcwp_InspectionRequest,BA-1119903-2022,13TH AVENUE MEAT LLC,SUPER FRESH SUPERMARKET,Supermarket,A0202586,INS-000810847,24N04138,12/06/2024,NY Agri & Mkts § 190(5) - STORE DOES NOT HAVE A SCALE FOR CUSTOMERS,1.0,No,,Pleaded,1.0,,
331,35132-2024-ADJC,dcwp_InspectionRequest,BA-1101354-2022,1525 K FOOD CORP,PATHMARK,Supermarket,A0202588,INS-000810851,24N04139,12/06/2024,"NY Agri & Mkts § 190(5) - NO """"FOR CUSTOMER USE"""" SIGN POSTED OR NOR NEAR CUSTOMER SCALE/S IN/NEAR PREPACKAGED FOOD AREA.",1.0,No,,Pleaded,1.0,,
334,35136-2024-ADJC,dcwp_InspectionRequest,BA-1204841-2022,"CHARLES SCATURRO & SON, INC",,Supermarket,A0202673,INS-000811003,24N04151,12/06/2024,NY Agri & Mkts § 190(5) - CUSTOMER SCALE IS NO EASILY ACCESSIBLE TO CUSTOMERS,1.0,No,,Pleaded,1.0,,
336,34663-2024-ADJC,dcwp_InspectionRequest,BA-1126466-2022,18 AVE SUPERMARKET INC.,,Supermarket,A0202372,INS-000810477,24N04123,12/05/2024,NY Agri & Mkts § 190(5) - STORE DOES NOT HAVE A SCALE FOR CUSTOMERS,1.0,No,,Pleaded,1.0,,
337,34752-2024-ADJC,dcwp_InspectionRequest,BA-1377966-2022,MONG KOK SUPERMARKET INC,,Supermarket,A0202466,INS-000810630,24N04133,12/05/2024,"1 NYCRR § 221.5(c) - LABELS DO NOT CLEARLY STATE THE NET QUANTITY OF ITEMS IN CONTAINERS or PACAKGE IN TERMS OF WEIGHT, MEASURE OR COUNT",2.0,No,,Pleaded,2.0,,
338,34951-2024-ADJC,dcwp_InspectionRequest,BA-1121903-2022,1115 PENNSYLVANIA MEAT CORP.,,Supermarket,A0202408,INS-000810537,24N04126,12/05/2024,"NY Agri & Mkts § 190(5) - NO """"FOR CUSTOMER USE"""" SIGN POSTED OR NOR NEAR CUSTOMER SCALE/S IN/NEAR PREPACKAGED FOOD AREA.",1.0,No,,Pleaded,1.0,,
340,34913-2024-ADJC,dcwp_InspectionRequest,BA-1438332-2022,"PARK SLOPE FOOD COOP, INC.",,Supermarket,A0201988,INS-000809857,24N04098,12/04/2024,"NY Agri & Mkts § 190(5) - NO """"FOR CUSTOMER USE"""" SIGN POSTED OR NOR NEAR CUSTOMER SCALE/S IN/NEAR PREPACKAGED FOOD AREA.",1.0,No,,Pleaded,1.0,,
341,16773-2024-ADJC,dcwp_InspectionRequest,BA-1658475-2023,MACH BAZAR LLC,,Supermarket,A0150184,INS-000703366,24Q00110,01/16/2024,"1 NYCRR § 221.5(c) - LABELS DO NOT CLEARLY STATE THE NET QUANTITY OF ITEMS IN CONTAINERS or PACAKGE IN TERMS OF WEIGHT, MEASURE OR COUNT",1.0,,,Default Decision,1.0,,
344,35247-2024-ADJC,dcwp_InspectionRequest,BA-1302064-2022,HANA MART NY CORP,,Supermarket,A0202101,INS-000810050,24M04550,12/04/2024,"1 NYCRR § 221.5(c) - LABELS DO NOT CLEARLY STATE THE NET QUANTITY OF ITEMS IN CONTAINERS or PACAKGE IN TERMS OF WEIGHT, MEASURE OR COUNT",1.0,No,,Pleaded,1.0,,
345,34693-2024-ADJC,dcwp_InspectionRequest,BA-1097990-2022,"70 CEDAR PEARL, LLC",CITY ACRES MARKET,Supermarket,A0201702,INS-000808880,24M04519,12/03/2024,NY Agri & Mkts § 190(5) - STORE DOES NOT HAVE A SCALE FOR CUSTOMERS,1.0,No,,Pleaded,1.0,,
346,34885-2024-ADJC,dcwp_InspectionRequest,BA-1017638-2022,"CHERRY HILL GOURMET, INC.",,Supermarket,A0201753,INS-000809431,24N04084,12/03/2024,NY Agri & Mkts § 190(5) - STORE DOES NOT HAVE A SCALE FOR CUSTOMERS,1.0,No,,Pleaded,1.0,,
347,34571-2024-ADJC,dcwp_InspectionRequest,BA-1682058-2023,113 LIBERTY LLC,APNA BAZAR FARMERS MARKET,Supermarket,A0201416,INS-000808734,24Q03073,11/29/2024,"1 NYCRR § 221.5(c) - LABELS DO NOT CLEARLY STATE THE NET QUANTITY OF ITEMS IN CONTAINERS or PACAKGE IN TERMS OF WEIGHT, MEASURE OR COUNT",2.0,,,Pleaded,2.0,,
349,34696-2024-ADJC,dcwp_InspectionRequest,BA-1338313-2022,"H MART ROOSEVELT, LLC",,Supermarket,A0201391,INS-000808684,24Q03069,11/29/2024,"NY Agri & Mkts § 190(5) - NO """"FOR CUSTOMER USE"""" SIGN POSTED OR NOR NEAR CUSTOMER SCALE/S IN/NEAR PREPACKAGED FOOD AREA.",1.0,No,,Pleaded,1.0,,
354,34259-2024-ADJC,dcwp_InspectionRequest,BA-1631561-2023,JKJ CORP.,,Supermarket,A0200873,INS-000807710,24M04454,11/26/2024,"NY Agri & Mkts § 190(5) - NO """"FOR CUSTOMER USE"""" SIGN POSTED OR NOR NEAR CUSTOMER SCALE/S IN/NEAR PREPACKAGED FOOD AREA.",1.0,No,,Pleaded,1.0,,
359,34335-2024-ADJC,dcwp_InspectionRequest,BA-1206449-2022,FRESH N SAVE FOOD CORP,,Supermarket,A0201061,INS-000808033,24N04045,11/26/2024,1 NYCRR § 221.13(b)(19) - FAILS TO POST SIGN STATING IDENTITY OF COMMODITY SOLD IN BULK AND PRICE PER POUND OR UNIT PRICE,1.0,No,,Pleaded,1.0,,
361,34205-2024-ADJC,dcwp_InspectionRequest,BA-1394657-2022,MPM ENTERPRISES FLATBUSH INC.,,Supermarket,A0200489,INS-000806769,24N04000,11/22/2024,"NY Agri & Mkts § 190(5) - NO """"FOR CUSTOMER USE"""" SIGN POSTED OR NOR NEAR CUSTOMER SCALE/S IN/NEAR PREPACKAGED FOOD AREA.",1.0,No,,Pleaded,1.0,,
365,34074-2024-ADJC,dcwp_InspectionRequest,BA-1563741-2022,SKYLIGHT HOLDINGS 4 INC,,Supermarket,A0200176,INS-000806227,24Q03002,11/21/2024,NY Agri & Mkts § 190(5) - STORE DOES NOT HAVE A SCALE FOR CUSTOMERS,1.0,,,Pleaded,1.0,,
372,17427-2024-ADJC,dcwp_InspectionRequest,BA-1551390-2022,THE STOP & SHOP SUPERMARKET COMPANY LLC,STOP & SHOP #2512,Supermarket,A0152097,INS-000709688,24M00194,01/29/2024,"NY Agri & Mkts § 190(5) - NO """"FOR CUSTOMER USE"""" SIGN POSTED OR NOR NEAR CUSTOMER SCALE/S IN/NEAR PREPACKAGED FOOD AREA.",1.0,No,,Default Decision,1.0,,
376,34794-2024-ADJC,dcwp_InspectionRequest,BA-1439944-2022,MAN-DELL FOOD STORES INC.,KEY FOOD,Supermarket,A0199728,INS-000805422,24M04362,11/19/2024,"1 NYCRR § 221.5(c) - LABELS DO NOT CLEARLY STATE THE NET QUANTITY OF ITEMS IN CONTAINERS or PACAKGE IN TERMS OF WEIGHT, MEASURE OR COUNT",1.0,No,,Pleaded,1.0,,
378,34086-2024-ADJC,dcwp_InspectionRequest,BA-1652369-2023,"CHANG XIN FOODS MARKET, INC.",,Supermarket,A0199221,INS-000804377,24Q02967,11/15/2024,NY Agri & Mkts § 190(5) - STORE DOES NOT HAVE A SCALE FOR CUSTOMERS,1.0,,,Pleaded,1.0,,
380,17585-2024-ADJC,dcwp_InspectionRequest,BA-1550547-2022,WESTSIDE SUPERMARKET LLC,,Supermarket,A0152058,INS-000709551,24M00191,01/29/2024,NY Agri & Mkts § 190(5) - CUSTOMER SCALE IS NOT AN ACCURATE COMPUTING SCALE OF SUFFICIENT CAPACITY,1.0,,,Default Decision,1.0,,
384,34021-2024-ADJC,dcwp_InspectionRequest,BA-1278636-2022,HUA LIAN SUPERMARKET INC,,Supermarket,A0198929,INS-000803212,24Q02947,11/14/2024,"1 NYCRR § 221.5(c) - LABELS DO NOT CLEARLY STATE THE NET QUANTITY OF ITEMS IN CONTAINERS or PACAKGE IN TERMS OF WEIGHT, MEASURE OR COUNT",2.0,No,,Pleaded,2.0,,
388,34017-2024-ADJC,dcwp_InspectionRequest,BA-1272278-2022,C & E FAMILY FOOD CORP.,ASSOCIATED FRESH MARKETPLACE,Supermarket,A0198662,INS-000801931,24Q02932,11/13/2024,NY Agri & Mkts § 190(5) - STORE DOES NOT HAVE A SCALE FOR CUSTOMERS,1.0,No,,Pleaded,1.0,,
389,33647-2024-ADJC,dcwp_InspectionRequest,BA-1713610-2024,SUNHAI CORP,GREAT WALL SUPERMARKET,Supermarket,A0197837,INS-000801942,24Q02894,11/07/2024,"1 NYCRR § 221.5(c) - LABELS DO NOT CLEARLY STATE THE NET QUANTITY OF ITEMS IN CONTAINERS or PACAKGE IN TERMS OF WEIGHT, MEASURE OR COUNT",2.0,No,,Pleaded,2.0,,
393,17987-2024-ADJC,dcwp_InspectionRequest,BA-1684893-2024,"74-84 WESTSIDE MARKET, LLC",,Supermarket,A0153990,INS-000711172,24M00304,02/09/2024,NY Agri & Mkts § 190(5) - STORE DOES NOT HAVE A SCALE FOR CUSTOMERS,1.0,,,Default Decision,1.0,,
400,32990-2024-ADJC,dcwp_InspectionRequest,BA-1409453-2022,PALMA NUEVA FOODS CORP.,FOODTOWN SUPERMARKET,Supermarket,A0196854,INS-000800020,24X01747,10/30/2024,"NY Agri & Mkts § 190(5) - NO """"FOR CUSTOMER USE"""" SIGN POSTED OR NOR NEAR CUSTOMER SCALE/S IN/NEAR PREPACKAGED FOOD AREA.",1.0,No,No,Pleaded,1.0,,
403,18182-2024-ADJC,dcwp_InspectionRequest,BA-1534949-2022,"SUPERIOR GOURMET MARKETPLACE, INC.",,Supermarket,A0152860,INS-000710219,24M00245,02/02/2024,"1 NYCRR § 221.5(c) - LABELS DO NOT CLEARLY STATE THE NET QUANTITY OF ITEMS IN CONTAINERS or PACAKGE IN TERMS OF WEIGHT, MEASURE OR COUNT",2.0,No,,Default Decision,2.0,,
412,19068-2024-ADJC,dcwp_InspectionRequest,BA-1564137-2022,"VILLAGE SUPER MARKET OF NY, LLC",,Supermarket,A0156814,INS-000721931,24X00189,03/04/2024,NY Agri & Mkts § 190(5) - STORE DOES NOT HAVE A SCALE FOR CUSTOMERS,1.0,,,Default Decision,1.0,,
419,32253-2024-ADJC,dcwp_InspectionRequest,BA-1248176-2022,CRESCENT FOOD CORPORATION,TRADE FAIR,Supermarket,A0194628,INS-000793553,24Q02758,10/18/2024,"NY Agri & Mkts § 190(5) - NO """"FOR CUSTOMER USE"""" SIGN POSTED OR NOR NEAR CUSTOMER SCALE/S IN/NEAR PREPACKAGED FOOD AREA.",1.0,No,,Pleaded,1.0,,
422,32027-2024-ADJC,dcwp_InspectionRequest,BA-1449200-2022,MURAD FOOD CORP.,PIONEER,Supermarket,A0193683,INS-000790288,24N03432,10/11/2024,NY Agri & Mkts § 190(5) - CUSTOMER SCALE IS NO EASILY ACCESSIBLE TO CUSTOMERS,1.0,No,,Pleaded,1.0,,
423,32066-2024-ADJC,dcwp_InspectionRequest,BA-1121386-2022,57 JR FOODS CORP,C-TOWN,Supermarket,A0193725,INS-000793400,24N03435,10/11/2024,"NY Agri & Mkts § 190(5) - NO """"FOR CUSTOMER USE"""" SIGN POSTED OR NOR NEAR CUSTOMER SCALE/S IN/NEAR PREPACKAGED FOOD AREA.",1.0,No,,Pleaded,1.0,,
424,32284-2024-ADJC,dcwp_InspectionRequest,BA-1126481-2022,66-56 MEAT CORP,KEY FOOD,Supermarket,A0193786,INS-000793528,24Q02680,10/11/2024,"NY Agri & Mkts § 190(5) - NO """"FOR CUSTOMER USE"""" SIGN POSTED OR NOR NEAR CUSTOMER SCALE/S IN/NEAR PREPACKAGED FOOD AREA.",1.0,No,,Pleaded,1.0,,
425,18393-2024-ADJC,dcwp_InspectionRequest,BA-1172783-2022,DAGOSTINO SUPERMARKETS INC.,,Supermarket,A0154580,INS-000717204,24M00350,02/15/2024,NY Agri & Mkts § 190(5) - STORE DOES NOT HAVE A SCALE FOR CUSTOMERS,1.0,,,Default Decision,1.0,,
429,31429-2024-ADJC,dcwp_InspectionRequest,BA-1711164-2024,TOOFAN FOOD CORP.,C-Town,Supermarket,A0192721,INS-000791442,24N03371,10/08/2024,NY Agri & Mkts § 190(5) - STORE DOES NOT HAVE A SCALE FOR CUSTOMERS,1.0,No,,Pleaded,1.0,,
431,31467-2024-ADJC,dcwp_InspectionRequest,BA-1204280-2022,DNJ FOOD CORP.,PRICE CHOICE,Supermarket,A0192632,INS-000790285,24X01554,10/08/2024,"NY Agri & Mkts § 190(5) - NO """"FOR CUSTOMER USE"""" SIGN POSTED OR NOR NEAR CUSTOMER SCALE/S IN/NEAR PREPACKAGED FOOD AREA.",1.0,No,,Pleaded,1.0,,
437,31303-2024-ADJC,dcwp_InspectionRequest,BA-1470739-2022,OTTATI FOODS LTD.,MARINO BROS SUPERMARKET,Supermarket,A0192151,INS-000790305,24Q02553,10/04/2024,1 NYCRR § 221.13(b)(19) - FAILS TO POST SIGN STATING IDENTITY OF COMMODITY SOLD IN BULK AND PRICE PER POUND OR UNIT PRICE,1.0,,,Pleaded,1.0,,
439,31306-2024-ADJC,dcwp_InspectionRequest,BA-1089705-2022,74-39 MEAT CORP.,C - TOWN,Supermarket,A0192156,INS-000790310,24Q02554,10/04/2024,"NY Agri & Mkts § 190(5) - NO """"FOR CUSTOMER USE"""" SIGN POSTED OR NOR NEAR CUSTOMER SCALE/S IN/NEAR PREPACKAGED FOOD AREA.",1.0,,,Pleaded,1.0,,
448,31054-2024-ADJC,dcwp_InspectionRequest,BA-997034-2022,ALEXA'S FOOD CORP.,,Supermarket,A0191327,INS-000782223,24N03227,10/01/2024,NY Agri & Mkts § 190(5) - CUSTOMER SCALE IS NOT AN ACCURATE COMPUTING SCALE OF SUFFICIENT CAPACITY,1.0,,,Pleaded,1.0,,
449,31180-2024-ADJC,dcwp_InspectionRequest,BA-1232646-2022,DANS SUPREME SUPERMARKETS INC,,Supermarket,A0191316,INS-000788690,24Q02493,10/01/2024,1 NYCRR § 221.13(b)(19) - FAILS TO POST SIGN STATING IDENTITY OF COMMODITY SOLD IN BULK AND PRICE PER POUND OR UNIT PRICE,1.0,No,,Pleaded,1.0,,
456,31026-2024-ADJC,dcwp_InspectionRequest,BA-1338493-2022,LITTLE NECK SUPERMARKET INC,,Supermarket,A0190929,INS-000787962,24Q02477,09/27/2024,"1 NYCRR § 221.5(c) - LABELS DO NOT CLEARLY STATE THE NET QUANTITY OF ITEMS IN CONTAINERS or PACAKGE IN TERMS OF WEIGHT, MEASURE OR COUNT",2.0,,,Pleaded,2.0,,
459,31181-2024-ADJC,dcwp_InspectionRequest,BA-1710202-2024,NEW NATURE FARM SUPERMARKET INC.,,Supermarket,A0190813,INS-000787752,24Q02465,09/27/2024,"1 NYCRR § 221.5(c) - LABELS DO NOT CLEARLY STATE THE NET QUANTITY OF ITEMS IN CONTAINERS or PACAKGE IN TERMS OF WEIGHT, MEASURE OR COUNT",2.0,No,No,Pleaded,2.0,,
464,30739-2024-ADJC,dcwp_InspectionRequest,BA-1678465-2023,86 FOOD MARKET INC.,,Supermarket,A0190573,INS-000787331,24N03175,09/26/2024,"1 NYCRR § 221.5(c) - LABELS DO NOT CLEARLY STATE THE NET QUANTITY OF ITEMS IN CONTAINERS or PACAKGE IN TERMS OF WEIGHT, MEASURE OR COUNT",2.0,,,Pleaded,2.0,,
477,19615-2024-ADJC,dcwp_InspectionRequest,BA-1019300-2022,AMBER & WHITE MARKETS INC,MORTON WILLIAMS,Supermarket,A0158487,INS-000723296,24M00624,03/14/2024,1 NYCRR § 221.13(b)(19) - FAILS TO POST SIGN STATING IDENTITY OF COMMODITY SOLD IN BULK AND PRICE PER POUND OR UNIT PRICE,1.0,No,,Default Decision,1.0,,
490,19844-2024-ADJC,dcwp_InspectionRequest,BA-1205152-2022,FAD 2300 FOOD CORP,,Supermarket,A0156586,INS-000726424,24X00221,03/01/2024,"NY Agri & Mkts § 190(5) - NO """"FOR CUSTOMER USE"""" SIGN POSTED OR NOR NEAR CUSTOMER SCALE/S IN/NEAR PREPACKAGED FOOD AREA.",1.0,,,Default Decision,1.0,,
493,29898-2024-ADJC,dcwp_InspectionRequest,BA-1596921-2023,Good Supermarket Inc,,Supermarket,A0187990,INS-000782771,24Q02288,09/13/2024,"NY Agri & Mkts § 190(5) - NO """"FOR CUSTOMER USE"""" SIGN POSTED OR NOR NEAR CUSTOMER SCALE/S IN/NEAR PREPACKAGED FOOD AREA.",1.0,No,No,Pleaded,1.0,,
497,20023-2024-ADJC,dcwp_InspectionRequest,BA-1225561-2022,FRESH START FOOD INC,,Supermarket,A0159438,INS-000723464,24N00642,03/20/2024,NY Agri & Mkts § 190(5) - CUSTOMER SCALE IS NOT AN ACCURATE COMPUTING SCALE OF SUFFICIENT CAPACITY,1.0,No,,Default Decision,1.0,,
505,29796-2024-ADJC,dcwp_InspectionRequest,BA-1708904-2024,KABA FOOD MARKET INC.,,Supermarket,A0187887,INS-000782594,24Q02280,09/12/2024,"1 NYCRR § 221.5(c) - LABELS DO NOT CLEARLY STATE THE NET QUANTITY OF ITEMS IN CONTAINERS or PACAKGE IN TERMS OF WEIGHT, MEASURE OR COUNT",1.0,,,Pleaded,1.0,,
527,20350-2024-ADJC,dcwp_InspectionRequest,BA-1307998-2022,HONG KONG SUPERMARKET OF HESTER STREET CORP.,Hong Kong Supermarket of Hester Street,Supermarket,A0158913,INS-000728574,24M00774,03/18/2024,NY Agri & Mkts § 190(5) - STORE DOES NOT HAVE A SCALE FOR CUSTOMERS,1.0,No,,Default Decision,1.0,,
529,29387-2024-ADJC,dcwp_InspectionRequest,BA-1122826-2022,BILLY BOY FOOD CORP.,,Supermarket,A0187048,INS-000778726,24N02895,09/10/2024,NY Agri & Mkts § 190(5) - STORE DOES NOT HAVE A SCALE FOR CUSTOMERS,1.0,No,,Pleaded,1.0,,
534,20411-2024-ADJC,dcwp_InspectionRequest,BA-1335020-2022,GORIS GROCERS FLATBUSH AVE CORP.,,Supermarket,A0160068,INS-000720035,24N00680,03/25/2024,"1 NYCRR § 221.5(c) - LABELS DO NOT CLEARLY STATE THE NET QUANTITY OF ITEMS IN CONTAINERS or PACAKGE IN TERMS OF WEIGHT, MEASURE OR COUNT",2.0,,,Default Decision,2.0,,
538,20440-2024-ADJC,dcwp_InspectionRequest,BA-1186375-2022,C-TOWN,,Supermarket,A0160503,INS-000728669,24Q00600,03/27/2024,NY Agri & Mkts § 190(5) - STORE DOES NOT HAVE A SCALE FOR CUSTOMERS,1.0,,,Default Decision,1.0,,
542,20595-2024-ADJC,dcwp_InspectionRequest,BA-1468736-2022,"NAMDOR, INC.",GRISTEDE'S STORE,Supermarket,A0160937,INS-000729395,24M00819,03/28/2024,"NY Agri & Mkts § 190(5) - NO """"FOR CUSTOMER USE"""" SIGN POSTED OR NOR NEAR CUSTOMER SCALE/S IN/NEAR PREPACKAGED FOOD AREA.",1.0,No,,Default Decision,1.0,,
551,20755-2024-ADJC,dcwp_InspectionRequest,BA-1112597-2022,ABC MEAT CORP.,,Supermarket,A0161498,INS-000730418,24Q00638,04/02/2024,"NY Agri & Mkts § 190(5) - NO """"FOR CUSTOMER USE"""" SIGN POSTED OR NOR NEAR CUSTOMER SCALE/S IN/NEAR PREPACKAGED FOOD AREA.",1.0,No,,Default Decision,1.0,,
562,20924-2024-ADJC,dcwp_InspectionRequest,BA-1106514-2022,70-72 MEAT & PRODUCE CORP.,,Supermarket,A0161949,INS-000727991,24M00873,04/04/2024,"NY Agri & Mkts § 190(5) - NO """"FOR CUSTOMER USE"""" SIGN POSTED OR NOR NEAR CUSTOMER SCALE/S IN/NEAR PREPACKAGED FOOD AREA.",1.0,No,,Hearing Decision,1.0,,
568,21028-2024-ADJC,dcwp_InspectionRequest,BA-1419496-2022,"NAMDOR, INC.",GRISTEDES #517,Supermarket,A0162324,INS-000731817,24M00894,04/05/2024,NY Agri & Mkts § 190(5) - STORE DOES NOT HAVE A SCALE FOR CUSTOMERS,1.0,,,Default Decision,1.0,,
569,21259-2024-ADJC,dcwp_InspectionRequest,BA-1046398-2022,ERNST KLEIN 6TH AVENUE FOOD CORP,KLEIN SUPERMARKET,Supermarket,A0163159,INS-000733288,24M00945,04/11/2024,"1 NYCRR § 221.5(c) - LABELS DO NOT CLEARLY STATE THE NET QUANTITY OF ITEMS IN CONTAINERS or PACAKGE IN TERMS OF WEIGHT, MEASURE OR COUNT",2.0,,,Default Decision,2.0,,
579,28897-2024-ADJC,dcwp_InspectionRequest,BA-1370588-2022,VECERRO FOOD CORP.,IDEAL FOOD BASKET,Supermarket,A0185481,INS-000778025,24N02772,08/28/2024,"NY Agri & Mkts § 190(5) - NO """"FOR CUSTOMER USE"""" SIGN POSTED OR NOR NEAR CUSTOMER SCALE/S IN/NEAR PREPACKAGED FOOD AREA.",1.0,,No,Pleaded,1.0,,
580,21239-2024-ADJC,dcwp_InspectionRequest,BA-1292489-2022,"GRACEFULLY, INC.",,Supermarket,A0154052,INS-000731969,24M00905,02/09/2024,1 NYCRR § 221.13(b)(18) - DELI ITEMS DO NOT HAVE PRICES DISPLAYED,1.0,No,,Hearing Decision,1.0,,
582,28803-2024-ADJC,dcwp_InspectionRequest,BA-1333798-2022,HB & Son Meat corp.,Marketplace of Bushwick,Supermarket,A0185072,INS-000777268,24N02733,08/27/2024,NY Agri & Mkts § 190(5) - CUSTOMER SCALE IS NO EASILY ACCESSIBLE TO CUSTOMERS,1.0,No,,Pleaded,1.0,,
584,28821-2024-ADJC,dcwp_InspectionRequest,BA-1707302-2024,SUNWING SUPERMARKET INC.,,Supermarket,A0185101,INS-000777327,24N02735,08/27/2024,NY Agri & Mkts § 190(5) - STORE DOES NOT HAVE A SCALE FOR CUSTOMERS,1.0,No,,Pleaded,1.0,,
595,28299-2024-ADJC,dcwp_InspectionRequest,BA-1621211-2023,KDA FOOD CORP.,COMPARE FOOD,Supermarket,A0184416,INS-000770723,24X01281,08/22/2024,NY Agri & Mkts § 190(5) - CUSTOMER SCALE IS NOT AN ACCURATE COMPUTING SCALE OF SUFFICIENT CAPACITY,1.0,No,,Pleaded,1.0,,
606,29282-2024-ADJC,dcwp_InspectionRequest,BA-1228214-2022,"ELI'S MANHATTAN WAREHOUSE, INC.",,Supermarket,A0184119,INS-000775227,24M02840,08/21/2024,1 NYCRR § 221.13(b)(19) - FAILS TO POST SIGN STATING IDENTITY OF COMMODITY SOLD IN BULK AND PRICE PER POUND OR UNIT PRICE,1.0,No,,Pleaded,1.0,,
608,28041-2024-ADJC,dcwp_InspectionRequest,BA-1108747-2022,200 MALCOLM X MEAT CORP.,,Supermarket,A0183394,INS-000773589,24N02507,08/15/2024,NY Agri & Mkts § 190(5) - STORE DOES NOT HAVE A SCALE FOR CUSTOMERS,1.0,No,,Pleaded,1.0,,
610,28042-2024-ADJC,dcwp_InspectionRequest,BA-1700475-2024,REID ORGANIC LLC,,Supermarket,A0183261,INS-000756105,24N02500,08/15/2024,NY Agri & Mkts § 190(5) - STORE DOES NOT HAVE A SCALE FOR CUSTOMERS,1.0,No,,Pleaded,1.0,,
613,21916-2024-ADJC,dcwp_InspectionRequest,BA-1170500-2022,FRANCO PARTNERS INC,,Supermarket,A0165303,INS-000737040,24X00370,04/24/2024,"NY Agri & Mkts § 190(5) - NO """"FOR CUSTOMER USE"""" SIGN POSTED OR NOR NEAR CUSTOMER SCALE/S IN/NEAR PREPACKAGED FOOD AREA.",1.0,,,Default Decision,1.0,,
620,22028-2024-ADJC,dcwp_InspectionRequest,BA-1340141-2022,GITTO & SONS HEALTH FOOD INC,,Supermarket,A0165643,INS-000737583,24N00968,04/25/2024,1 NYCRR § 221.13(b)(19) - FAILS TO POST SIGN STATING IDENTITY OF COMMODITY SOLD IN BULK AND PRICE PER POUND OR UNIT PRICE,1.0,,,Default Decision,1.0,,
622,22059-2024-ADJC,dcwp_InspectionRequest,BA-1220598-2022,"FRESH BAGELS FARMER'S MARKET, INC.",Amish Market,Supermarket,A0165754,INS-000737756,24M01067,04/25/2024,1 NYCRR § 221.13(b)(19) - FAILS TO POST SIGN STATING IDENTITY OF COMMODITY SOLD IN BULK AND PRICE PER POUND OR UNIT PRICE,1.0,No,,Default Decision,1.0,,
632,22202-2024-ADJC,dcwp_InspectionRequest,BA-1089779-2022,BATFER FOOD CORP.,,Supermarket,A0166362,INS-000736737,24X00402,04/30/2024,NY Agri & Mkts § 190(5) - STORE DOES NOT HAVE A SCALE FOR CUSTOMERS,1.0,No,No,Default Decision,1.0,,
636,27058-2024-ADJC,dcwp_InspectionRequest,BA-1686646-2024,REYCO SUPERMARKETS LLC,SUPER FI EMPORIUM,Supermarket,A0181018,INS-000767950,24M02456,08/01/2024,NY Agri & Mkts § 190(5) - STORE DOES NOT HAVE A SCALE FOR CUSTOMERS,1.0,,,Pleaded,1.0,,
640,22395-2024-ADJC,dcwp_InspectionRequest,BA-1465009-2022,ZIAD FOOD CORP.,TRADE FAIR,Supermarket,A0167035,INS-000739937,24Q00895,05/02/2024,"NY Agri & Mkts § 190(5) - NO """"FOR CUSTOMER USE"""" SIGN POSTED OR NOR NEAR CUSTOMER SCALE/S IN/NEAR PREPACKAGED FOOD AREA.",1.0,,,Default Decision,1.0,,
641,26903-2024-ADJC,dcwp_InspectionRequest,BA-1703529-2024,KINGSTON FINE FOODS CORP.,,Supermarket,A0179550,INS-000765064,24X00991,07/24/2024,NY Agri & Mkts § 190(5) - CUSTOMER SCALE IS NOT AN ACCURATE COMPUTING SCALE OF SUFFICIENT CAPACITY,1.0,No,No,Pleaded,1.0,,
645,22444-2024-ADJC,dcwp_InspectionRequest,BA-1684513-2024,1272-1278 FOOD AND MEAT CORP.,ANTILLANA SUPERFOOD MARKETPLACE,Supermarket,A0167373,INS-000740553,24M01158,05/03/2024,NY Agri & Mkts § 190(5) - STORE DOES NOT HAVE A SCALE FOR CUSTOMERS,1.0,,,Default Decision,1.0,,
648,28918-2024-ADJC,dcwp_InspectionRequest,BA-1355182-2022,J & D FARM MARKET CORP.,,Supermarket,A0184925,INS-000776967,24Q02054,07/19/2024,"NY Agri & Mkts § 190(5) - NO """"FOR CUSTOMER USE"""" SIGN POSTED OR NOR NEAR CUSTOMER SCALE/S IN/NEAR PREPACKAGED FOOD AREA.",1.0,No,,Pleaded,1.0,,
650,26638-2024-ADJC,dcwp_InspectionRequest,BA-1418608-2022,"NAMDOR, INC.",GRISTEDES,Supermarket,A0178691,INS-000762701,24M02262,07/18/2024,NY Agri & Mkts § 190(5) - STORE DOES NOT HAVE A SCALE FOR CUSTOMERS,1.0,No,,Pleaded,1.0,,
656,27598-2024-ADJC,dcwp_InspectionRequest,BA-1297133-2022,HONG KONG SUPERMARKET OF HESTER STREET CORP.,Hong Kong Supermarket of Hester Street,Supermarket,A0178464,INS-000771104,24M02621,07/17/2024,"1 NYCRR § 221.5(c) - LABELS DO NOT CLEARLY STATE THE NET QUANTITY OF ITEMS IN CONTAINERS or PACAKGE IN TERMS OF WEIGHT, MEASURE OR COUNT",2.0,No,,Pleaded,2.0,,
657,26247-2024-ADJC,dcwp_InspectionRequest,BA-1702630-2024,YOUNG RYAN CORP.,Key Food,Supermarket,A0178276,INS-000762544,24Q01611,07/16/2024,NY Agri & Mkts § 190(5) - STORE DOES NOT HAVE A SCALE FOR CUSTOMERS,1.0,No,,Pleaded,1.0,,
659,22755-2024-ADJC,dcwp_InspectionRequest,BA-1695031-2024,A&C 2541 MEAT CORP.,,Supermarket,A0168297,INS-000742453,24M01224,05/09/2024,NY Agri & Mkts § 190(5) - STORE DOES NOT HAVE A SCALE FOR CUSTOMERS,1.0,No,,Default Decision,1.0,,
660,26755-2024-ADJC,dcwp_InspectionRequest,BA-1109059-2022,BEYOND NATURAL MARKET INC,,Supermarket,A0178361,INS-000762711,24N01942,07/16/2024,"1 NYCRR § 221.5(c) - LABELS DO NOT CLEARLY STATE THE NET QUANTITY OF ITEMS IN CONTAINERS or PACAKGE IN TERMS OF WEIGHT, MEASURE OR COUNT",1.0,No,,Pleaded,1.0,,
663,26760-2024-ADJC,dcwp_InspectionRequest,BA-1702636-2024,BAMA FOOD CORP.,Bravo Supermarket,Supermarket,A0178292,INS-000762577,24N01934,07/16/2024,1 NYCRR § 221.13(b)(18) - DELI ITEMS DO NOT HAVE PRICES DISPLAYED,1.0,,,Pleaded,1.0,,
673,25998-2024-ADJC,dcwp_InspectionRequest,BA-1693404-2024,Garrido Food Corp.,Ideal Supermarket,Supermarket,A0177279,INS-000757263,24N01853,07/10/2024,NY Agri & Mkts § 190(5) - STORE DOES NOT HAVE A SCALE FOR CUSTOMERS,1.0,,,Pleaded,1.0,,
674,26163-2024-ADJC,dcwp_InspectionRequest,BA-1451784-2022,R.J. CASTLE HILL FOOD CORP,,Supermarket,A0177017,INS-000754715,24X00849,07/09/2024,"1 NYCRR § 221.5(c) - LABELS DO NOT CLEARLY STATE THE NET QUANTITY OF ITEMS IN CONTAINERS or PACAKGE IN TERMS OF WEIGHT, MEASURE OR COUNT",1.0,No,,Pleaded,1.0,,
681,26070-2024-ADJC,dcwp_InspectionRequest,BA-1701557-2024,2080 MARKET CORP,,Supermarket,A0176787,INS-000759492,24X00836,07/05/2024,NY Agri & Mkts § 190(5) - STORE DOES NOT HAVE A SCALE FOR CUSTOMERS,1.0,No,,Pleaded,1.0,,
683,26162-2024-ADJC,dcwp_InspectionRequest,BA-1306519-2022,LYDIG FOOD CORP.,KEYFOOD SUPERMARKET,Supermarket,A0176694,INS-000759346,24X00835,07/05/2024,NY Agri & Mkts § 190(5) - STORE DOES NOT HAVE A SCALE FOR CUSTOMERS,1.0,No,,Pleaded,1.0,,
685,23599-2024-ADJC,dcwp_InspectionRequest,BA-1556540-2022,"SEVEN SEAS 49TH ST, LLC",,Supermarket,A0170491,INS-000744287,24M01481,05/22/2024,1 NYCRR § 221.13(b)(19) - FAILS TO POST SIGN STATING IDENTITY OF COMMODITY SOLD IN BULK AND PRICE PER POUND OR UNIT PRICE,1.0,,,Default Decision,1.0,,
704,23996-2024-ADJC,dcwp_InspectionRequest,BA-1696363-2024,CHICKEN MEAT CORP,,Supermarket,A0171806,INS-000746019,24N01475,05/31/2024,NY Agri & Mkts § 190(5) - CUSTOMER SCALE IS NOT AN ACCURATE COMPUTING SCALE OF SUFFICIENT CAPACITY,1.0,No,,Default Decision,1.0,,
708,24064-2024-ADJC,dcwp_InspectionRequest,BA-1460189-2022,"MANNIX FAMILY MARKET @ FOREST AND RICHMOND AVE, LLC",,Supermarket,A0169040,INS-000740668,24M01309,05/14/2024,"NY Agri & Mkts § 190(5) - NO """"FOR CUSTOMER USE"""" SIGN POSTED OR NOR NEAR CUSTOMER SCALE/S IN/NEAR PREPACKAGED FOOD AREA.",1.0,No,,Default Decision,1.0,,
709,24185-2024-ADJC,dcwp_InspectionRequest,BA-1534217-2022,SEVEN SEAS 42ND ST LLC,,Supermarket,A0172098,INS-000750229,24M01609,06/04/2024,1 NYCRR § 221.13(b)(19) - FAILS TO POST SIGN STATING IDENTITY OF COMMODITY SOLD IN BULK AND PRICE PER POUND OR UNIT PRICE,1.0,,,Default Decision,1.0,,
711,25651-2024-ADJC,dcwp_InspectionRequest,BA-1195485-2022,"CHANG LI SUPERMARKET, INC.",,Supermarket,A0176016,INS-000758087,24X00816,06/26/2024,"1 NYCRR § 221.5(c) - LABELS DO NOT CLEARLY STATE THE NET QUANTITY OF ITEMS IN CONTAINERS or PACAKGE IN TERMS OF WEIGHT, MEASURE OR COUNT",1.0,No,,Pleaded,1.0,,
712,26626-2024-ADJC,dcwp_InspectionRequest,BA-1245344-2022,BURGUNDY & WHITE MARKETS INC,MORTON WILLIAMS SUPERMARKET,Supermarket,A0176025,INS-000764865,24M02323,06/26/2024,NY Agri & Mkts § 190(5) - STORE DOES NOT HAVE A SCALE FOR CUSTOMERS,1.0,,,Pleaded,1.0,,
713,26658-2024-ADJC,dcwp_InspectionRequest,BA-1236313-2022,"FRANK'S GOURMET MARKET, INC.",,Supermarket,A0176010,INS-000764775,24M02320,06/26/2024,"NY Agri & Mkts § 190(5) - NO """"FOR CUSTOMER USE"""" SIGN POSTED OR NOR NEAR CUSTOMER SCALE/S IN/NEAR PREPACKAGED FOOD AREA.",1.0,,,Pleaded,1.0,,
717,25176-2024-ADJC,dcwp_InspectionRequest,BA-1546723-2022,WHOLE FOODS MARKET GROUP INC,WHOLE FOODS MARKET,Supermarket,A0174705,INS-000755325,24M01865,06/21/2024,"NY Agri & Mkts § 190(5) - NO """"FOR CUSTOMER USE"""" SIGN POSTED OR NOR NEAR CUSTOMER SCALE/S IN/NEAR PREPACKAGED FOOD AREA.",1.0,No,No,Pleaded,1.0,,
723,25184-2024-ADJC,dcwp_InspectionRequest,BA-1207846-2022,FINE FARE SUPERMARKET,,Supermarket,A0174736,INS-000755025,24M01869,06/21/2024,"NY Agri & Mkts § 190(5) - NO """"FOR CUSTOMER USE"""" SIGN POSTED OR NOR NEAR CUSTOMER SCALE/S IN/NEAR PREPACKAGED FOOD AREA.",1.0,No,,Pleaded,1.0,,
726,25111-2024-ADJC,dcwp_InspectionRequest,BA-1444072-2022,MAX BLINK Z L CORP,,Supermarket,A0174492,INS-000754944,24N01634,06/20/2024,1 NYCRR § 221.13(b)(19) - FAILS TO POST SIGN STATING IDENTITY OF COMMODITY SOLD IN BULK AND PRICE PER POUND OR UNIT PRICE,1.0,,,Pleaded,1.0,,
728,25317-2024-ADJC,dcwp_InspectionRequest,BA-1552979-2022,THE STOP & SHOP SUPERMARKET COMPANY LLC,Stop & Shop Store # 2513,Supermarket,A0174560,INS-000755062,24X00737,06/20/2024,"NY Agri & Mkts § 190(5) - NO """"FOR CUSTOMER USE"""" SIGN POSTED OR NOR NEAR CUSTOMER SCALE/S IN/NEAR PREPACKAGED FOOD AREA.",1.0,,,Pleaded,1.0,,
736,25090-2024-ADJC,dcwp_InspectionRequest,BA-1554749-2022,SABANA MEAT CORP.,,Supermarket,A0174543,INS-000755028,24M01848,06/20/2024,NY Agri & Mkts § 190(5) - STORE DOES NOT HAVE A SCALE FOR CUSTOMERS,1.0,No,,Default Decision,1.0,,
740,25119-2024-ADJC,dcwp_InspectionRequest,BA-1346479-2022,"ITTADI SUPERMARKET, LLC",,Supermarket,A0174536,INS-000755018,24Q01344,06/20/2024,"1 NYCRR § 221.5(c) - LABELS DO NOT CLEARLY STATE THE NET QUANTITY OF ITEMS IN CONTAINERS or PACAKGE IN TERMS OF WEIGHT, MEASURE OR COUNT",2.0,,,Default Decision,2.0,,
741,25132-2024-ADJC,dcwp_InspectionRequest,BA-1699989-2024,BAAM SUPERMARKET 13 AVENUE LLC,,Supermarket,A0174593,INS-000755131,24N01641,06/20/2024,1 NYCRR § 221.13(b)(18) - DELI ITEMS DO NOT HAVE PRICES DISPLAYED,1.0,No,,,,,
743,24814-2024-ADJC,dcwp_InspectionRequest,BA-1101035-2022,409 FOOD CORP.,Foodtown,Supermarket,A0173384,INS-000739708,24N01551,06/12/2024,"NY Agri & Mkts § 190(5) - NO """"FOR CUSTOMER USE"""" SIGN POSTED OR NOR NEAR CUSTOMER SCALE/S IN/NEAR PREPACKAGED FOOD AREA.",1.0,,,Pleaded,1.0,,
744,24821-2024-ADJC,dcwp_InspectionRequest,BA-1102665-2022,8772 Meat Corp.,KEYFOOD,Supermarket,A0173571,INS-000753076,24N01557,06/12/2024,NY Agri & Mkts § 190(5) - STORE DOES NOT HAVE A SCALE FOR CUSTOMERS,1.0,No,,Pleaded,1.0,,
752,24364-2024-ADJC,dcwp_InspectionRequest,BA-1199842-2022,DAF FOOD CORP,BRAVO SUPERMARKET,Supermarket,A0172302,INS-000747447,24N01495,06/05/2024,"NY Agri & Mkts § 190(5) - NO """"FOR CUSTOMER USE"""" SIGN POSTED OR NOR NEAR CUSTOMER SCALE/S IN/NEAR PREPACKAGED FOOD AREA.",1.0,No,,Pleaded,1.0,,
755,25474-2024-ADJC,dcwp_InspectionRequest,BA-1700793-2024,A&E SUPERMARKET INC,,Supermarket,A0175536,INS-000757075,24Q01411,06/26/2024,"1 NYCRR § 221.5(c) - LABELS DO NOT CLEARLY STATE THE NET QUANTITY OF ITEMS IN CONTAINERS or PACAKGE IN TERMS OF WEIGHT, MEASURE OR COUNT",1.0,No,No,Default Decision,1.0,,
760,24271-2024-ADJC,dcwp_InspectionRequest,BA-1682391-2024,G MART NY INC.,,Supermarket,A0172088,INS-000750214,24Q01189,06/04/2024,"1 NYCRR § 221.5(c) - LABELS DO NOT CLEARLY STATE THE NET QUANTITY OF ITEMS IN CONTAINERS or PACAKGE IN TERMS OF WEIGHT, MEASURE OR COUNT",2.0,No,,Pleaded,2.0,,
777,23523-2024-ADJC,dcwp_InspectionRequest,BA-1123065-2022,"180 MARKETPLACE, INC.",JUBILEE MARKET,Supermarket,A0170087,INS-000746114,24M01457,05/21/2024,"1 NYCRR § 221.5(c) - LABELS DO NOT CLEARLY STATE THE NET QUANTITY OF ITEMS IN CONTAINERS or PACAKGE IN TERMS OF WEIGHT, MEASURE OR COUNT",2.0,No,,Pleaded,2.0,,
779,23835-2024-ADJC,dcwp_InspectionRequest,BA-1464881-2022,MADDAJ-AJ INC.,,Supermarket,A0171157,INS-000748101,24X00609,05/21/2024,"NY Agri & Mkts § 190(5) - NO """"FOR CUSTOMER USE"""" SIGN POSTED OR NOR NEAR CUSTOMER SCALE/S IN/NEAR PREPACKAGED FOOD AREA.",1.0,No,,Pleaded,1.0,,
783,26201-2024-ADJC,dcwp_InspectionRequest,BA-1240172-2022,"KISSENA GLATT FARMS, INC.",,Supermarket,A0177779,INS-000761341,24Q01555,07/11/2024,"1 NYCRR § 221.5(c) - LABELS DO NOT CLEARLY STATE THE NET QUANTITY OF ITEMS IN CONTAINERS or PACAKGE IN TERMS OF WEIGHT, MEASURE OR COUNT",2.0,No,No,Default Decision,2.0,,
792,26514-2024-ADJC,dcwp_InspectionRequest,BA-1105025-2022,1331 MEAT & PRODUCE CORP.,SHOP FAIR,Supermarket,A0175915,INS-000757854,24M02006,06/26/2024,"NY Agri & Mkts § 190(5) - NO """"FOR CUSTOMER USE"""" SIGN POSTED OR NOR NEAR CUSTOMER SCALE/S IN/NEAR PREPACKAGED FOOD AREA.",1.0,No,,Default Decision,1.0,,
800,22866-2024-ADJC,dcwp_InspectionRequest,BA-1285890-2022,GV MEAT & PRODUCE CORP,CARIBBEAN SUPERMARKET,Supermarket,A0168706,INS-000743129,24N01126,05/10/2024,"NY Agri & Mkts § 190(5) - NO """"FOR CUSTOMER USE"""" SIGN POSTED OR NOR NEAR CUSTOMER SCALE/S IN/NEAR PREPACKAGED FOOD AREA.",1.0,,,Pleaded,1.0,,
803,23222-2024-ADJC,dcwp_InspectionRequest,BA-1576016-2023,"WHOLE FOODS MARKET GROUP, INC",,Supermarket,A0168733,INS-000740665,24M01274,05/10/2024,"NY Agri & Mkts § 190(5) - NO """"FOR CUSTOMER USE"""" SIGN POSTED OR NOR NEAR CUSTOMER SCALE/S IN/NEAR PREPACKAGED FOOD AREA.",1.0,,No,Pleaded,1.0,,
808,27203-2024-ADJC,dcwp_InspectionRequest,BA-1703828-2024,CTown Supermarkets,,Supermarket,A0181309,INS-000766912,24M02494,08/02/2024,1 NYCRR § 221.13(b)(18) - DELI ITEMS DO NOT HAVE PRICES DISPLAYED,1.0,,,Default Decision,1.0,,
810,26902-2024-ADJC,dcwp_InspectionRequest,BA-1701140-2024,BLUE AND WHITE MARKETS INC,,Supermarket,A0176018,INS-000767278,24M02375,06/26/2024,"NY Agri & Mkts § 190(5) - NO """"FOR CUSTOMER USE"""" SIGN POSTED OR NOR NEAR CUSTOMER SCALE/S IN/NEAR PREPACKAGED FOOD AREA.",1.0,,,Default Decision,1.0,,
814,26959-2024-ADJC,dcwp_InspectionRequest,BA-1535591-2022,"VSM GOURMET, LLC",,Supermarket,A0180574,INS-000767895,24M02394,06/26/2024,1 NYCRR § 221.13(b)(18) - DELI ITEMS DO NOT HAVE PRICES DISPLAYED,1.0,No,,Default Decision,1.0,,
817,22496-2024-ADJC,dcwp_InspectionRequest,BA-1370887-2022,"TANIA & LEENA, LLC",C-TOWN,Supermarket,A0167388,INS-000740579,24Q00916,05/03/2024,"1 NYCRR § 221.5(c) - LABELS DO NOT CLEARLY STATE THE NET QUANTITY OF ITEMS IN CONTAINERS or PACAKGE IN TERMS OF WEIGHT, MEASURE OR COUNT",2.0,No,No,Pleaded,2.0,,
820,27392-2024-ADJC,dcwp_InspectionRequest,BA-1652740-2023,PJ 37 FOOD CORP,CTOWN SUPERMARKETS,Supermarket,A0178985,INS-000764713,24Q01693,07/19/2024,"NY Agri & Mkts § 190(5) - NO """"FOR CUSTOMER USE"""" SIGN POSTED OR NOR NEAR CUSTOMER SCALE/S IN/NEAR PREPACKAGED FOOD AREA.",1.0,,,Default Decision,1.0,,
823,22376-2024-ADJC,dcwp_InspectionRequest,BA-1112070-2022,ABC FIVE WINGS INC,COMPARE FOODS,Supermarket,A0167253,INS-000740277,24X00417,05/02/2024,NY Agri & Mkts § 190(5) - STORE DOES NOT HAVE A SCALE FOR CUSTOMERS,1.0,,,Pleaded,1.0,,
824,27632-2024-ADJC,dcwp_InspectionRequest,BA-1124263-2022,134 LIBERTY AVENUE LLC,,Supermarket,A0182189,INS-000771109,24Q01887,08/08/2024,"1 NYCRR § 221.5(c) - LABELS DO NOT CLEARLY STATE THE NET QUANTITY OF ITEMS IN CONTAINERS or PACAKGE IN TERMS OF WEIGHT, MEASURE OR COUNT",1.0,No,,Default Decision,1.0,,
828,22279-2024-ADJC,dcwp_InspectionRequest,BA-1193847-2022,F&G SUPERMARKET CORP,C TOWN,Supermarket,A0166670,INS-000739333,24N01015,05/01/2024,1 NYCRR § 221.13(b)(18) - DELI ITEMS DO NOT HAVE PRICES DISPLAYED,1.0,No,,Pleaded,1.0,,
837,21939-2024-ADJC,dcwp_InspectionRequest,BA-1454695-2022,R&M AMSTERDAM FOOD LLC,,Supermarket,A0165416,INS-000737211,24M01054,04/24/2024,"NY Agri & Mkts § 190(5) - NO """"FOR CUSTOMER USE"""" SIGN POSTED OR NOR NEAR CUSTOMER SCALE/S IN/NEAR PREPACKAGED FOOD AREA.",1.0,No,No,Pleaded,1.0,,
838,27994-2024-ADJC,dcwp_InspectionRequest,BA-1704538-2024,LM 501 6th Corp,,Supermarket,A0183210,INS-000769334,24M02772,08/15/2024,NY Agri & Mkts § 190(5) - STORE DOES NOT HAVE A SCALE FOR CUSTOMERS,1.0,No,,Default Decision,1.0,,
846,28074-2024-ADJC,dcwp_InspectionRequest,BA-1335287-2022,HAJAR INC.,,Supermarket,A0183480,INS-000764927,24N02518,08/16/2024,NY Agri & Mkts § 190(5) - CUSTOMER SCALE IS NO EASILY ACCESSIBLE TO CUSTOMERS,1.0,,,Default Decision,1.0,,
848,21981-2024-ADJC,dcwp_InspectionRequest,BA-1121340-2022,"A.M.I.S. FOOD, L.L.C",,Supermarket,A0165417,INS-000735335,24N00959,04/24/2024,NY Agri & Mkts § 190(5) - STORE DOES NOT HAVE A SCALE FOR CUSTOMERS,1.0,No,,Pleaded,1.0,,
855,21743-2024-ADJC,dcwp_InspectionRequest,BA-1469602-2022,PWP EQUITIES CORP.,MET FRESH SUPERMARKET,Supermarket,A0164660,INS-000733776,24X00357,04/19/2024,"1 NYCRR § 221.5(c) - LABELS DO NOT CLEARLY STATE THE NET QUANTITY OF ITEMS IN CONTAINERS or PACAKGE IN TERMS OF WEIGHT, MEASURE OR COUNT",1.0,,,Pleaded,1.0,,
860,21672-2024-ADJC,dcwp_InspectionRequest,BA-1202847-2022,"CHUNG FAT SUPERMARKET, INC.",,Supermarket,A0164346,INS-000735413,24Q00785,04/18/2024,"1 NYCRR § 221.5(c) - LABELS DO NOT CLEARLY STATE THE NET QUANTITY OF ITEMS IN CONTAINERS or PACAKGE IN TERMS OF WEIGHT, MEASURE OR COUNT",2.0,No,,Pleaded,2.0,,
862,28517-2024-ADJC,dcwp_InspectionRequest,BA-1706938-2024,FRANTON FOOD CORP.,Fine Fare Supermarket,Supermarket,A0184442,INS-000775902,24N02666,08/22/2024,NY Agri & Mkts § 190(5) - STORE DOES NOT HAVE A SCALE FOR CUSTOMERS,1.0,,,Default Decision,1.0,,
869,21399-2024-ADJC,dcwp_InspectionRequest,BA-1203449-2022,F.T. MEAT CORP.,,Supermarket,A0163578,INS-000733949,24X00340,04/12/2024,NY Agri & Mkts § 190(5) - STORE DOES NOT HAVE A SCALE FOR CUSTOMERS,1.0,No,,Pleaded,1.0,,
873,21294-2024-ADJC,dcwp_InspectionRequest,BA-1104438-2022,2185 ANTILLANA MEAT AND FOOD CORP,ANTILLANA SUPERFOOD MARKETPLACE,Supermarket,A0163290,INS-000733514,24X00333,04/11/2024,NY Agri & Mkts § 190(5) - STORE DOES NOT HAVE A SCALE FOR CUSTOMERS,1.0,No,,Pleaded,1.0,,
874,21336-2024-ADJC,dcwp_InspectionRequest,BA-1130873-2022,A TO Z GLATT KOSHER LLC,,Supermarket,A0163202,INS-000733362,24Q00725,04/11/2024,"1 NYCRR § 221.5(c) - LABELS DO NOT CLEARLY STATE THE NET QUANTITY OF ITEMS IN CONTAINERS or PACAKGE IN TERMS OF WEIGHT, MEASURE OR COUNT",1.0,,,Pleaded,1.0,,
876,21342-2024-ADJC,dcwp_InspectionRequest,BA-1319062-2022,LARA FOOD CORP.,,Supermarket,A0163156,INS-000733283,24Q00720,04/11/2024,NY Agri & Mkts § 190(5) - STORE DOES NOT HAVE A SCALE FOR CUSTOMERS,1.0,No,,Pleaded,1.0,,
881,20982-2024-ADJC,dcwp_InspectionRequest,BA-1102863-2022,2358 Meat Corp,,Supermarket,A0162293,INS-000731767,24X00295,04/05/2024,1 NYCRR § 221.13(b)(19) - FAILS TO POST SIGN STATING IDENTITY OF COMMODITY SOLD IN BULK AND PRICE PER POUND OR UNIT PRICE,1.0,No,,Pleaded,1.0,,
886,20804-2024-ADJC,dcwp_InspectionRequest,BA-1518185-2022,WILL GROCERY & MEAT INC,,Supermarket,A0161693,INS-000729219,24X00288,04/03/2024,NY Agri & Mkts § 190(5) - STORE DOES NOT HAVE A SCALE FOR CUSTOMERS,1.0,No,,Pleaded,1.0,,
890,20644-2024-ADJC,dcwp_InspectionRequest,BA-1200615-2022,"CHINATOWN SUPERMARKET OF MANHATTAN, INC.",,Supermarket,A0160984,INS-000729481,24M00826,03/29/2024,NY Agri & Mkts § 190(5) - STORE DOES NOT HAVE A SCALE FOR CUSTOMERS,1.0,No,,Pleaded,1.0,,
893,20646-2024-ADJC,dcwp_InspectionRequest,BA-1552905-2022,WHOLE FOODS MARKET GROUP INC,WHOLE FOODS MARKET,Supermarket,A0161078,INS-000729607,24M00831,03/29/2024,"NY Agri & Mkts § 190(5) - NO """"FOR CUSTOMER USE"""" SIGN POSTED OR NOR NEAR CUSTOMER SCALE/S IN/NEAR PREPACKAGED FOOD AREA.",1.0,No,,Pleaded,1.0,,
896,20564-2024-ADJC,dcwp_InspectionRequest,BA-1647255-2023,"BROWN & WHITE MARKETS, INC.",,Supermarket,A0160871,INS-000729270,24M00808,03/28/2024,NY Agri & Mkts § 190(5) - STORE DOES NOT HAVE A SCALE FOR CUSTOMERS,1.0,No,,Pleaded,1.0,,
899,29324-2024-ADJC,dcwp_InspectionRequest,BA-1686380-2024,WHOLE FOODS MARKET GROUP INC,,Supermarket,A0185476,INS-000778014,24M02973,08/28/2024,1 NYCRR § 221.13(b)(19) - FAILS TO POST SIGN STATING IDENTITY OF COMMODITY SOLD IN BULK AND PRICE PER POUND OR UNIT PRICE,1.0,No,,Default Decision,1.0,,
907,19862-2024-ADJC,dcwp_InspectionRequest,BA-1123744-2022,"BAYSIDE MILK FARM, INC.",,Supermarket,A0159328,INS-000723912,24Q00536,03/20/2024,"1 NYCRR § 221.5(c) - LABELS DO NOT CLEARLY STATE THE NET QUANTITY OF ITEMS IN CONTAINERS or PACAKGE IN TERMS OF WEIGHT, MEASURE OR COUNT",1.0,No,,Pleaded,1.0,,
914,19756-2024-ADJC,dcwp_InspectionRequest,BA-1300489-2022,"LUS LICENSING, LLC",Lidl-8015,Supermarket,A0159016,INS-000724240,24Q00524,03/18/2024,NY Agri & Mkts § 190(5) - STORE DOES NOT HAVE A SCALE FOR CUSTOMERS,1.0,No,,Pleaded,1.0,,
916,29930-2024-ADJC,dcwp_InspectionRequest,BA-1693732-2024,CHERRY HILL MARKET CORP.,,Supermarket,A0188312,INS-000768253,24N03022,09/17/2024,"1 NYCRR § 221.5(c) - LABELS DO NOT CLEARLY STATE THE NET QUANTITY OF ITEMS IN CONTAINERS or PACAKGE IN TERMS OF WEIGHT, MEASURE OR COUNT",2.0,No,,Default Decision,2.0,,
918,29978-2024-ADJC,dcwp_InspectionRequest,BA-1559480-2022,VSM GOURMET LLC,Gourmet Garage of Hudson St.,Supermarket,A0188568,INS-000782886,24M03294,09/18/2024,NY Agri & Mkts § 190(5) - STORE DOES NOT HAVE A SCALE FOR CUSTOMERS,1.0,,,Default Decision,1.0,,
919,30066-2024-ADJC,dcwp_InspectionRequest,BA-1694300-2024,50 VAN CORTLANDT MEAT CORP.,,Supermarket,A0188644,INS-000782944,24X01439,09/18/2024,1 NYCRR § 221.13(b)(19) - FAILS TO POST SIGN STATING IDENTITY OF COMMODITY SOLD IN BULK AND PRICE PER POUND OR UNIT PRICE,1.0,,,Default Decision,1.0,,
926,30212-2024-ADJC,dcwp_InspectionRequest,BA-1709262-2024,VALEX INTERNATIONAL INC,,Supermarket,A0188442,INS-000783636,24Q02332,09/17/2024,"NY Agri & Mkts § 190(5) - NO """"FOR CUSTOMER USE"""" SIGN POSTED OR NOR NEAR CUSTOMER SCALE/S IN/NEAR PREPACKAGED FOOD AREA.",1.0,,,Default Decision,1.0,,
938,19372-2024-ADJC,dcwp_InspectionRequest,BA-1564310-2022,SUN HUI FOOD CORP.,,Supermarket,A0157876,INS-000723800,24Q00482,03/11/2024,"NY Agri & Mkts § 190(5) - NO """"FOR CUSTOMER USE"""" SIGN POSTED OR NOR NEAR CUSTOMER SCALE/S IN/NEAR PREPACKAGED FOOD AREA.",1.0,,,Pleaded,1.0,,
945,19137-2024-ADJC,dcwp_InspectionRequest,BA-1197795-2022,E & H SEAFOOD & MEAT MARKET INC,,Supermarket,A0157240,INS-000703774,24N00505,03/06/2024,"1 NYCRR § 221.5(c) - LABELS DO NOT CLEARLY STATE THE NET QUANTITY OF ITEMS IN CONTAINERS or PACAKGE IN TERMS OF WEIGHT, MEASURE OR COUNT",1.0,No,,Pleaded,1.0,,
947,18997-2024-ADJC,dcwp_InspectionRequest,BA-1168094-2022,CALHOUN FOODS LLC,,Supermarket,A0157024,INS-000718100,24Q00448,03/05/2024,"NY Agri & Mkts § 190(5) - NO """"FOR CUSTOMER USE"""" SIGN POSTED OR NOR NEAR CUSTOMER SCALE/S IN/NEAR PREPACKAGED FOOD AREA.",1.0,No,,Pleaded,1.0,,
949,18879-2024-ADJC,dcwp_InspectionRequest,BA-1088978-2022,A & C SEAFOOD & MEAT MARKET INC.,,Supermarket,A0156705,INS-000711429,24N00470,03/04/2024,"1 NYCRR § 221.5(c) - LABELS DO NOT CLEARLY STATE THE NET QUANTITY OF ITEMS IN CONTAINERS or PACAKGE IN TERMS OF WEIGHT, MEASURE OR COUNT",2.0,,,Pleaded,2.0,,
964,31245-2024-ADJC,dcwp_InspectionRequest,BA-1543103-2022,SYED AND BABUL INC,MANNAN SUPERMARKET,Supermarket,A0190021,INS-000786418,24Q02431,09/25/2024,"NY Agri & Mkts § 190(5) - NO """"FOR CUSTOMER USE"""" SIGN POSTED OR NOR NEAR CUSTOMER SCALE/S IN/NEAR PREPACKAGED FOOD AREA.",1.0,,,Default Decision,1.0,,
965,18816-2024-ADJC,dcwp_InspectionRequest,BA-1623792-2023,170 WESTSIDE MARKET LLC,WESTSIDE MARKET,Supermarket,A0156241,INS-000720720,24M00466,02/28/2024,"NY Agri & Mkts § 190(5) - NO """"FOR CUSTOMER USE"""" SIGN POSTED OR NOR NEAR CUSTOMER SCALE/S IN/NEAR PREPACKAGED FOOD AREA.",1.0,No,,Pleaded,1.0,,
975,18495-2024-ADJC,dcwp_InspectionRequest,BA-1676154-2023,1612 Fresh Market Inc.,,Supermarket,A0155281,INS-000716441,24X00169,02/22/2024,NY Agri & Mkts § 190(5) - STORE DOES NOT HAVE A SCALE FOR CUSTOMERS,1.0,No,,Pleaded,1.0,,
976,19908-2024-ADJC,dcwp_InspectionRequest,BA-1361082-2022,"LUNA BROTHERS, INC.",,Supermarket,A0155341,INS-000726731,24M00698,02/22/2024,NY Agri & Mkts § 190(5) - STORE DOES NOT HAVE A SCALE FOR CUSTOMERS,1.0,,,Pleaded,1.0,,
985,18304-2024-ADJC,dcwp_InspectionRequest,BA-1123049-2022,2400 C&F FOOD CORP.,,Supermarket,A0154616,INS-000717272,24X00162,02/15/2024,NY Agri & Mkts § 190(5) - STORE DOES NOT HAVE A SCALE FOR CUSTOMERS,1.0,,,Pleaded,1.0,,
988,18382-2024-ADJC,dcwp_InspectionRequest,BA-1023601-2022,A & C SUPERMAS INC,,Supermarket,A0154339,INS-000716789,24M00332,02/14/2024,1 NYCRR § 221.13(b)(18) - DELI ITEMS DO NOT HAVE PRICES DISPLAYED,1.0,,,Pleaded,1.0,,
989,32167-2024-ADJC,dcwp_InspectionRequest,BA-1300839-2022,"LOS ALAMOS MEAT & PRODUCE, INC.",,Supermarket,A0194654,INS-000795457,24M03894,10/18/2024,NY Agri & Mkts § 190(5) - STORE DOES NOT HAVE A SCALE FOR CUSTOMERS,1.0,No,,,,,
996,32412-2024-ADJC,dcwp_InspectionRequest,BA-1596319-2023,DEKALB FRESH MARKET LLC,,Supermarket,A0194598,INS-000794161,24N03548,10/18/2024,"NY Agri & Mkts § 190(5) - NO """"FOR CUSTOMER USE"""" SIGN POSTED OR NOR NEAR CUSTOMER SCALE/S IN/NEAR PREPACKAGED FOOD AREA.",1.0,,,,,,
998,17997-2024-ADJC,dcwp_InspectionRequest,BA-1683827-2024,"D & S PRODUCE, INC.",,Supermarket,A0153978,INS-000715052,24M00303,02/09/2024,NY Agri & Mkts § 190(5) - STORE DOES NOT HAVE A SCALE FOR CUSTOMERS,1.0,No,,Pleaded,1.0,,
1007,17998-2024-ADJC,dcwp_InspectionRequest,BA-1567590-2023,3788 Food Corp.,Extra Jumbo By Associated,Supermarket,A0153782,INS-000711008,24M00294,02/08/2024,NY Agri & Mkts § 190(5) - STORE DOES NOT HAVE A SCALE FOR CUSTOMERS,1.0,,,Pleaded,1.0,,
1009,18362-2024-ADJC,dcwp_InspectionRequest,BA-1537337-2022,WHOLE FOODS MARKET GROUP INC,,Supermarket,A0153796,INS-000715470,24M00295,02/08/2024,"NY Agri & Mkts § 190(5) - NO """"FOR CUSTOMER USE"""" SIGN POSTED OR NOR NEAR CUSTOMER SCALE/S IN/NEAR PREPACKAGED FOOD AREA.",1.0,,,Pleaded,1.0,,
1022,17694-2024-ADJC,dcwp_InspectionRequest,BA-1103566-2022,"2945 MEAT & PRODUCE, INC.",FOODTOWN,Supermarket,A0152693,INS-000711004,24X00121,02/01/2024,"NY Agri & Mkts § 190(5) - NO """"FOR CUSTOMER USE"""" SIGN POSTED OR NOR NEAR CUSTOMER SCALE/S IN/NEAR PREPACKAGED FOOD AREA.",1.0,No,,Pleaded,1.0,,
1027,33973-2024-ADJC,dcwp_InspectionRequest,BA-1312981-2022,KAJ MEAT CORP,,Supermarket,A0199308,INS-000804720,24N03916,11/12/2024,NY Agri & Mkts § 190(5) - STORE DOES NOT HAVE A SCALE FOR CUSTOMERS,1.0,,,Default Decision,1.0,,
1030,17941-2024-ADJC,dcwp_InspectionRequest,BA-1679925-2023,"GRAY & WHITE MARKETS, INC.",,Supermarket,A0152550,INS-000710714,24M00217,01/31/2024,1 NYCRR § 221.13(b)(19) - FAILS TO POST SIGN STATING IDENTITY OF COMMODITY SOLD IN BULK AND PRICE PER POUND OR UNIT PRICE,1.0,,,Pleaded,1.0,,
1032,17373-2024-ADJC,dcwp_InspectionRequest,BA-1504750-2022,VEIPAS FOOD PLAZA CORP.,,Supermarket,A0152316,INS-000710247,24N00225,01/30/2024,NY Agri & Mkts § 190(5) - CUSTOMER SCALE IS NOT AN ACCURATE COMPUTING SCALE OF SUFFICIENT CAPACITY,1.0,No,,Pleaded,1.0,,
1039,17319-2024-ADJC,dcwp_InspectionRequest,BA-1169718-2022,"FRUITS, VEGS. & MEAT CORP.",,Supermarket,A0152077,INS-000704969,24X00103,01/29/2024,NY Agri & Mkts § 190(5) - STORE DOES NOT HAVE A SCALE FOR CUSTOMERS,1.0,,,Pleaded,1.0,,
1041,34130-2024-ADJC,dcwp_InspectionRequest,BA-1129292-2022,55 FULTON MARKET INC.,,Supermarket,A0200535,INS-000805781,24M04428,11/22/2024,1 NYCRR § 221.13(b)(19) - FAILS TO POST SIGN STATING IDENTITY OF COMMODITY SOLD IN BULK AND PRICE PER POUND OR UNIT PRICE,1.0,No,,,,,
1043,17215-2024-ADJC,dcwp_InspectionRequest,BA-1622804-2023,48 BROADWAY SUPERMARKET INC,,Supermarket,A0151844,INS-000708714,24Q00193,01/26/2024,"NY Agri & Mkts § 190(5) - NO """"FOR CUSTOMER USE"""" SIGN POSTED OR NOR NEAR CUSTOMER SCALE/S IN/NEAR PREPACKAGED FOOD AREA.",1.0,,,Pleaded,1.0,,
1063,34657-2024-ADJC,dcwp_InspectionRequest,BA-1548370-2022,"WANG LONG 86 SUPERMARKET, INC.",STAR MARKET,Supermarket,A0202295,INS-000810368,24N04115,12/05/2024,"1 NYCRR § 221.5(c) - LABELS DO NOT CLEARLY STATE THE NET QUANTITY OF ITEMS IN CONTAINERS or PACAKGE IN TERMS OF WEIGHT, MEASURE OR COUNT",2.0,No,,,,,
1066,34688-2024-ADJC,dcwp_InspectionRequest,BA-1564505-2022,"WESTERN BEEF RETAIL, INC.",,Supermarket,A0202327,INS-000809410,24X01972,12/05/2024,NY Agri & Mkts § 190(5) - STORE DOES NOT HAVE A SCALE FOR CUSTOMERS,1.0,No,,,,,
1071,16831-2024-ADJC,dcwp_InspectionRequest,BA-1464420-2022,S. T. MEAT & GROCERY INC,,Supermarket,A0150393,INS-000701253,24X00058,01/17/2024,"NY Agri & Mkts § 190(5) - NO """"FOR CUSTOMER USE"""" SIGN POSTED OR NOR NEAR CUSTOMER SCALE/S IN/NEAR PREPACKAGED FOOD AREA.",1.0,,,Pleaded,1.0,,
1075,16754-2024-ADJC,dcwp_InspectionRequest,BA-1194432-2022,CR MEAT & PRODUCE CORP,,Supermarket,A0150272,INS-000703538,24Q00120,01/16/2024,NY Agri & Mkts § 190(5) - CUSTOMER SCALE IS NOT AN ACCURATE COMPUTING SCALE OF SUFFICIENT CAPACITY,1.0,,,Pleaded,1.0,,
1076,34887-2024-ADJC,dcwp_InspectionRequest,BA-1108764-2022,ALDI INC,ALDI #7,Supermarket,A0201852,INS-000809593,24N04087,12/03/2024,"NY Agri & Mkts § 190(5) - NO """"FOR CUSTOMER USE"""" SIGN POSTED OR NOR NEAR CUSTOMER SCALE/S IN/NEAR PREPACKAGED FOOD AREA.",1.0,,,,,,
1077,34889-2024-ADJC,dcwp_InspectionRequest,BA-1594975-2023,BAY68 SUPERMARKET INC.,SAMARKAND BAZAR,Supermarket,A0201865,INS-000809619,24N04090,12/03/2024,NY Agri & Mkts § 190(5) - STORE DOES NOT HAVE A SCALE FOR CUSTOMERS,1.0,,,,,,
1078,16768-2024-ADJC,dcwp_InspectionRequest,BA-1309003-2022,"GOURMET FRESH 2, LLC",,Supermarket,A0150259,INS-000703518,24N00113,01/16/2024,"1 NYCRR § 221.5(c) - LABELS DO NOT CLEARLY STATE THE NET QUANTITY OF ITEMS IN CONTAINERS or PACAKGE IN TERMS OF WEIGHT, MEASURE OR COUNT",2.0,,,Pleaded,2.0,,
1079,16769-2024-ADJC,dcwp_InspectionRequest,BA-1003495-2022,A.S FULTON FOOD CORP,BRAVO SUPERMARKET,Supermarket,A0150252,INS-000703504,24N00111,01/16/2024,NY Agri & Mkts § 190(5) - STORE DOES NOT HAVE A SCALE FOR CUSTOMERS,1.0,,,Pleaded,1.0,,
1080,16771-2024-ADJC,dcwp_InspectionRequest,BA-1432450-2022,NORTHERN MEAT& PRODUCE CORP.,MI TIERRA supermarket,Supermarket,A0150318,INS-000703606,24Q00125,01/16/2024,"NY Agri & Mkts § 190(5) - NO """"FOR CUSTOMER USE"""" SIGN POSTED OR NOR NEAR CUSTOMER SCALE/S IN/NEAR PREPACKAGED FOOD AREA.",1.0,,,Pleaded,1.0,,
1084,34976-2024-ADJC,dcwp_InspectionRequest,BA-1692220-2024,FLUSHING FEI LONG  INC.,,Supermarket,A0202317,INS-000809902,24Q03103,12/05/2024,"NY Agri & Mkts § 190(5) - NO """"FOR CUSTOMER USE"""" SIGN POSTED OR NOR NEAR CUSTOMER SCALE/S IN/NEAR PREPACKAGED FOOD AREA.",1.0,No,,,,,
1087,16712-2024-ADJC,dcwp_InspectionRequest,BA-1258026-2022,"CRITICS CHOICE DELI NY, INC.",MET FOOD,Supermarket,A0150086,INS-000701764,24N00099,01/12/2024,"1 NYCRR § 221.5(c) - LABELS DO NOT CLEARLY STATE THE NET QUANTITY OF ITEMS IN CONTAINERS or PACAKGE IN TERMS OF WEIGHT, MEASURE OR COUNT",1.0,,,Pleaded,1.0,,
1089,35012-2024-ADJC,dcwp_InspectionRequest,BA-1555283-2022,THE STOP & SHOP SUPERMARKET COMPANY LLC,,Supermarket,A0203195,INS-000812013,24Q03147,12/11/2024,NY Agri & Mkts § 190(5) - STORE DOES NOT HAVE A SCALE FOR CUSTOMERS,1.0,No,,,,,
1094,35022-2024-ADJC,dcwp_InspectionRequest,BA-1170525-2022,FLUSHING SUPERMARKET INC,,Supermarket,A0203306,INS-000812192,24Q03154,12/11/2024,NY Agri & Mkts § 190(5) - STORE DOES NOT HAVE A SCALE FOR CUSTOMERS,1.0,No,,,,,
1095,18484-2024-ADJC,dcwp_InspectionRequest,BA-1560511-2022,Z & Z MARKET INC,,Supermarket,A0149693,INS-000718932,24N00394,01/10/2024,"1 NYCRR § 221.5(c) - LABELS DO NOT CLEARLY STATE THE NET QUANTITY OF ITEMS IN CONTAINERS or PACAKGE IN TERMS OF WEIGHT, MEASURE OR COUNT",2.0,No,,Pleaded,2.0,,
1096,16395-2024-ADJC,dcwp_InspectionRequest,BA-1118743-2022,ALANWAR FOOD CORP.,,Supermarket,A0149447,INS-000701136,24N00057,01/05/2024,NY Agri & Mkts § 190(5) - STORE DOES NOT HAVE A SCALE FOR CUSTOMERS,1.0,,,Pleaded,1.0,,
1104,16328-2024-ADJC,dcwp_InspectionRequest,BA-1682267-2024,183 MEAT CORP.,,Supermarket,A0149042,INS-000700421,24X00007,01/03/2024,NY Agri & Mkts § 190(5) - STORE DOES NOT HAVE A SCALE FOR CUSTOMERS,1.0,,,Pleaded,1.0,,
1108,16132-2024-ADJC,dcwp_InspectionRequest,BA-1123085-2022,82-10 BAXTER AVE. FOOD CORP.,,Supermarket,A0148761,INS-000699829,24Q00001,01/02/2024,"NY Agri & Mkts § 190(5) - NO """"FOR CUSTOMER USE"""" SIGN POSTED OR NOR NEAR CUSTOMER SCALE/S IN/NEAR PREPACKAGED FOOD AREA.",1.0,,,Pleaded,1.0,,
1111,16197-2024-ADJC,dcwp_InspectionRequest,BA-1466635-2022,P & M UTOPIA LLC,,Supermarket,A0148788,INS-000699874,24Q00004,01/02/2024,NY Agri & Mkts § 190(5) - STORE DOES NOT HAVE A SCALE FOR CUSTOMERS,1.0,,,Pleaded,1.0,,
1113,16214-2024-ADJC,dcwp_InspectionRequest,BA-1682124-2024,7918 MEAT & PRODUCE CORP,C-TOWN SUPERMARKET,Supermarket,A0148800,INS-000699895,24N00008,01/02/2024,NY Agri & Mkts § 190(5) - STORE DOES NOT HAVE A SCALE FOR CUSTOMERS,1.0,,,Pleaded,1.0,,
1122,35425-2024-ADJC,dcwp_InspectionRequest,BA-1716947-2024,JRI FLATLANDS FOOD CORP.,,Supermarket,A0204117,INS-000813789,24N04241,12/17/2024,"NY Agri & Mkts § 190(5) - NO """"FOR CUSTOMER USE"""" SIGN POSTED OR NOR NEAR CUSTOMER SCALE/S IN/NEAR PREPACKAGED FOOD AREA.",1.0,,,,,,
1124,35459-2024-ADJC,dcwp_InspectionRequest,BA-1035300-2022,BREADBERRY INC,,Supermarket,A0204188,INS-000813911,24N04246,12/17/2024,1 NYCRR § 221.13(b)(18) - DELI ITEMS DO NOT HAVE PRICES DISPLAYED,1.0,,,,,,
1126,35474-2024-ADJC,dcwp_InspectionRequest,BA-1108122-2022,"2257 EAST 16, CORP.",,Supermarket,A0204717,INS-000814881,24N04272,12/20/2024,NY Agri & Mkts § 190(5) - CUSTOMER SCALE IS NOT AN ACCURATE COMPUTING SCALE OF SUFFICIENT CAPACITY,1.0,No,,,,,
1149,35694-2024-ADJC,dcwp_InspectionRequest,BA-1717473-2024,MARKO UZ INC.,,Supermarket,A0205136,INS-000815625,24N04301,12/24/2024,"1 NYCRR § 221.5(c) - LABELS DO NOT CLEARLY STATE THE NET QUANTITY OF ITEMS IN CONTAINERS or PACAKGE IN TERMS OF WEIGHT, MEASURE OR COUNT",2.0,,,,,,
1153,14753-2023-ADJC,dcwp_InspectionRequest,BA-1200637-2022,DOWNTOWN FOOD CORP.,C Town,Supermarket,A0144712,INS-000689520,23M04346,11/29/2023,1 NYCRR § 221.13(b)(18) - DELI ITEMS DO NOT HAVE PRICES DISPLAYED,1.0,,,Pleaded,1.0,,
1154,14689-2023-ADJC,dcwp_InspectionRequest,BA-1130214-2022,532 NEPTUNE AVENUE LLC,,Supermarket,A0144502,INS-000690488,23N03290,11/28/2023,"1 NYCRR § 221.5(c) - LABELS DO NOT CLEARLY STATE THE NET QUANTITY OF ITEMS IN CONTAINERS or PACAKGE IN TERMS OF WEIGHT, MEASURE OR COUNT",1.0,,,Pleaded,1.0,,
1156,35733-2024-ADJC,dcwp_InspectionRequest,BA-1717640-2024,JAY FOOD CORP,BRAVO SUPERMARKET,Supermarket,A0205462,INS-000816226,24Q03270,12/27/2024,NY Agri & Mkts § 190(5) - STORE DOES NOT HAVE A SCALE FOR CUSTOMERS,1.0,,,,,,
1158,35817-2024-ADJC,dcwp_InspectionRequest,BA-1717861-2024,HLBK SUPERMARKET INC.,YAOFEI DAI,Supermarket,A0205651,INS-000816728,24N04335,12/31/2024,"1 NYCRR § 221.5(c) - LABELS DO NOT CLEARLY STATE THE NET QUANTITY OF ITEMS IN CONTAINERS or PACAKGE IN TERMS OF WEIGHT, MEASURE OR COUNT",2.0,No,No,,,,
1161,35836-2024-ADJC,dcwp_InspectionRequest,BA-1514804-2022,REMSEN MEAT & PRODUCE CORP,FOOD UNIVERSE,Supermarket,A0205783,INS-000816961,24N04344,12/31/2024,NY Agri & Mkts § 190(5) - STORE DOES NOT HAVE A SCALE FOR CUSTOMERS,1.0,No,,,,,
1167,14379-2023-ADJC,dcwp_InspectionRequest,BA-1678840-2023,LM III INC.,Lincoln Market,Supermarket,A0143809,INS-000690331,23N03252,11/21/2023,"NY Agri & Mkts § 190(5) - NO """"FOR CUSTOMER USE"""" SIGN POSTED OR NOR NEAR CUSTOMER SCALE/S IN/NEAR PREPACKAGED FOOD AREA.",1.0,,No,Pleaded,1.0,,
1176,14184-2023-ADJC,dcwp_InspectionRequest,BA-1227400-2022,FOOD COLONY LLC,C-TOWN,Supermarket,A0143279,INS-000689470,23N03225,11/17/2023,NY Agri & Mkts § 190(5) - STORE DOES NOT HAVE A SCALE FOR CUSTOMERS,1.0,,,Pleaded,1.0,,
1182,13920-2023-ADJC,dcwp_InspectionRequest,BA-1126598-2022,4125 MEAT CORP.,,Supermarket,A0142893,INS-000687756,23Q03030,11/15/2023,"NY Agri & Mkts § 190(5) - NO """"FOR CUSTOMER USE"""" SIGN POSTED OR NOR NEAR CUSTOMER SCALE/S IN/NEAR PREPACKAGED FOOD AREA.",1.0,,,Pleaded,1.0,,
1184,36150-2025-ADJC,dcwp_InspectionRequest,BA-1677975-2023,"AMH SUPERMARKET, LLC",,Supermarket,A0206832,INS-000818974,25Q00057,01/09/2025,NY Agri & Mkts § 190(5) - STORE DOES NOT HAVE A SCALE FOR CUSTOMERS,1.0,No,,,,,
1203,13406-2023-ADJC,dcwp_InspectionRequest,BA-1604834-2023,YOGI ORGANIC MARKET INC,,Supermarket,A0141533,INS-000686459,23Q02952,11/01/2023,"NY Agri & Mkts § 190(5) - NO """"FOR CUSTOMER USE"""" SIGN POSTED OR NOR NEAR CUSTOMER SCALE/S IN/NEAR PREPACKAGED FOOD AREA.",1.0,,,Pleaded,1.0,,
1206,13393-2023-ADJC,dcwp_InspectionRequest,BA-1073208-2022,ALMONTE MILL FOOD CORP.,KEY FOOD,Supermarket,A0141387,INS-000686204,23N03123,10/31/2023,"NY Agri & Mkts § 190(5) - NO """"FOR CUSTOMER USE"""" SIGN POSTED OR NOR NEAR CUSTOMER SCALE/S IN/NEAR PREPACKAGED FOOD AREA.",1.0,,,Pleaded,1.0,,
1213,36662-2025-ADJC,dcwp_InspectionRequest,BA-1666727-2023,"Castle Hill Supermarket, Inc","ADI'S SUPERMARKET, INC",Supermarket,A0207948,INS-000821026,25X00086,01/16/2025,NY Agri & Mkts § 190(5) - STORE DOES NOT HAVE A SCALE FOR CUSTOMERS,1.0,No,,,,,
1219,36719-2025-ADJC,dcwp_InspectionRequest,BA-1690099-2024,IVORY & WHITE MARKETS INC,,Supermarket,A0208409,INS-000821614,25M00257,01/22/2025,"1 NYCRR § 221.5(c) - LABELS DO NOT CLEARLY STATE THE NET QUANTITY OF ITEMS IN CONTAINERS or PACAKGE IN TERMS OF WEIGHT, MEASURE OR COUNT",2.0,No,,,,,
1221,36743-2025-ADJC,dcwp_InspectionRequest,BA-1431879-2022,"MARNOCK RETAIL, LLC",FOODSAVER NY RETAIL,Supermarket,A0208074,INS-000821312,25N00151,01/17/2025,"1 NYCRR § 221.5(c) - LABELS DO NOT CLEARLY STATE THE NET QUANTITY OF ITEMS IN CONTAINERS or PACAKGE IN TERMS OF WEIGHT, MEASURE OR COUNT",2.0,,,,,,
1223,13263-2023-ADJC,dcwp_InspectionRequest,BA-1565536-2022,"SASSON & FARAH GLATT KOSHER MEATS, INC.",,Supermarket,A0140927,INS-000684294,23N03099,10/27/2023,"NY Agri & Mkts § 190(5) - NO """"FOR CUSTOMER USE"""" SIGN POSTED OR NOR NEAR CUSTOMER SCALE/S IN/NEAR PREPACKAGED FOOD AREA.",1.0,,,Pleaded,1.0,,
1224,36779-2025-ADJC,dcwp_InspectionRequest,BA-1660016-2023,M & D 21 FOOD CORP.,,Supermarket,A0208069,INS-000821303,25Q00151,01/17/2025,"NY Agri & Mkts § 190(5) - NO """"FOR CUSTOMER USE"""" SIGN POSTED OR NOR NEAR CUSTOMER SCALE/S IN/NEAR PREPACKAGED FOOD AREA.",1.0,No,,,,,
1225,36780-2025-ADJC,dcwp_InspectionRequest,BA-1550503-2022,"WESTERN BEEF RETAIL, INC.",,Supermarket,A0208116,INS-000821425,25Q00158,01/17/2025,"NY Agri & Mkts § 190(5) - NO """"FOR CUSTOMER USE"""" SIGN POSTED OR NOR NEAR CUSTOMER SCALE/S IN/NEAR PREPACKAGED FOOD AREA.",1.0,No,,,,,
1228,36826-2025-ADJC,dcwp_InspectionRequest,BA-1595858-2023,BAYAN MEAT CORP,,Supermarket,A0208512,INS-000822261,25M00264,01/23/2025,NY Agri & Mkts § 190(5) - STORE DOES NOT HAVE A SCALE FOR CUSTOMERS,1.0,,,,,,
1229,36884-2025-ADJC,dcwp_InspectionRequest,BA-1263006-2022,GEMSTONE SUPERMARKETS INC,,Supermarket,A0208389,INS-000822046,25Q00178,01/22/2025,NY Agri & Mkts § 190(5) - CUSTOMER SCALE IS NOT AN ACCURATE COMPUTING SCALE OF SUFFICIENT CAPACITY,1.0,No,,,,,
1234,36898-2025-ADJC,dcwp_InspectionRequest,BA-1681549-2023,SWF FOOD CORP.,Met Food,Supermarket,A0208801,INS-000822704,25Q00192,01/24/2025,"NY Agri & Mkts § 190(5) - NO """"FOR CUSTOMER USE"""" SIGN POSTED OR NOR NEAR CUSTOMER SCALE/S IN/NEAR PREPACKAGED FOOD AREA.",1.0,No,,,,,
1235,36899-2025-ADJC,dcwp_InspectionRequest,BA-1696710-2024,BIG APPLE MARKET INC.,,Supermarket,A0208585,INS-000822385,25M00273,01/23/2025,NY Agri & Mkts § 190(5) - STORE DOES NOT HAVE A SCALE FOR CUSTOMERS,1.0,No,,,,,
1237,36918-2025-ADJC,dcwp_InspectionRequest,BA-1003304-2022,A.S. Fulton Food Corp.,,Supermarket,A0208550,INS-000822327,25N00182,01/23/2025,"NY Agri & Mkts § 190(5) - NO """"FOR CUSTOMER USE"""" SIGN POSTED OR NOR NEAR CUSTOMER SCALE/S IN/NEAR PREPACKAGED FOOD AREA.",1.0,No,,,,,
1248,37124-2025-ADJC,dcwp_InspectionRequest,BA-1439760-2022,PREMIUM OF BELLROSE LLC,Premium Supermarket,Supermarket,A0209359,INS-000823739,25Q00223,01/29/2025,NY Agri & Mkts § 190(5) - STORE DOES NOT HAVE A SCALE FOR CUSTOMERS,1.0,,,,,,
1249,37141-2025-ADJC,dcwp_InspectionRequest,BA-1541209-2022,"REGO PARK AJ MET, INC.",,Supermarket,A0209695,INS-000825835,25Q00241,01/30/2025,"NY Agri & Mkts § 190(5) - NO """"FOR CUSTOMER USE"""" SIGN POSTED OR NOR NEAR CUSTOMER SCALE/S IN/NEAR PREPACKAGED FOOD AREA.",1.0,No,,,,,
1251,37175-2025-ADJC,dcwp_InspectionRequest,BA-1720173-2025,SHALOM’S KINGDOM LLC,,Supermarket,A0209706,INS-000825857,25Q00244,01/30/2025,NY Agri & Mkts § 190(5) - STORE DOES NOT HAVE A SCALE FOR CUSTOMERS,1.0,No,No,,,,
1259,37288-2025-ADJC,dcwp_InspectionRequest,BA-1528235-2022,WHITESTONE MARKET INC,MET FRESH SUPERMARKET,Supermarket,A0210544,INS-000827312,25Q00286,02/05/2025,"NY Agri & Mkts § 190(5) - NO """"FOR CUSTOMER USE"""" SIGN POSTED OR NOR NEAR CUSTOMER SCALE/S IN/NEAR PREPACKAGED FOOD AREA.",1.0,No,,,,,
1261,37296-2025-ADJC,dcwp_InspectionRequest,BA-1111945-2022,50-18 MEAT CORP.,FRESH N SAVE,Supermarket,A0210521,INS-000827275,25Q00285,02/05/2025,"NY Agri & Mkts § 190(5) - NO """"FOR CUSTOMER USE"""" SIGN POSTED OR NOR NEAR CUSTOMER SCALE/S IN/NEAR PREPACKAGED FOOD AREA.",1.0,No,,,,,
1262,37299-2025-ADJC,dcwp_InspectionRequest,BA-1217230-2022,DYNASTY MEAT CORP.,,Supermarket,A0210665,INS-000827510,25Q00289,02/05/2025,"NY Agri & Mkts § 190(5) - NO """"FOR CUSTOMER USE"""" SIGN POSTED OR NOR NEAR CUSTOMER SCALE/S IN/NEAR PREPACKAGED FOOD AREA.",1.0,,,,,,
1263,37315-2025-ADJC,dcwp_InspectionRequest,BA-1334735-2022,LA ROTONDA MEAT CORP.,,Supermarket,A0208738,INS-000822601,25N00191,01/24/2025,"NY Agri & Mkts § 190(5) - NO """"FOR CUSTOMER USE"""" SIGN POSTED OR NOR NEAR CUSTOMER SCALE/S IN/NEAR PREPACKAGED FOOD AREA.",1.0,,,,,,
1264,37317-2025-ADJC,dcwp_InspectionRequest,BA-1509909-2022,UTICA MEAT & PRODUCE CORP.,C TOWN SUPERMARKET,Supermarket,A0208780,INS-000822666,25N00193,01/24/2025,NY Agri & Mkts § 190(5) - STORE DOES NOT HAVE A SCALE FOR CUSTOMERS,1.0,,,,,,
1269,12356-2023-ADJC,dcwp_InspectionRequest,BA-1671127-2023,SWADESHBD RX INC,,Supermarket,A0138746,INS-000676937,23Q02752,10/11/2023,NY Agri & Mkts § 190(5) - STORE DOES NOT HAVE A SCALE FOR CUSTOMERS,1.0,,,Pleaded,1.0,,
1271,37402-2025-ADJC,dcwp_InspectionRequest,BA-1103551-2022,BLUE SUPERMARKET INC,,Supermarket,A0210259,INS-000826451,25M00432,02/04/2025,"NY Agri & Mkts § 190(5) - NO """"FOR CUSTOMER USE"""" SIGN POSTED OR NOR NEAR CUSTOMER SCALE/S IN/NEAR PREPACKAGED FOOD AREA.",1.0,,,,,,
1277,12449-2023-ADJC,dcwp_InspectionRequest,BA-1301083-2022,HERMANA MIRABAL INC,,Supermarket,A0138816,INS-000681809,23M03916,10/11/2023,1 NYCRR § 221.13(b)(19) - FAILS TO POST SIGN STATING IDENTITY OF COMMODITY SOLD IN BULK AND PRICE PER POUND OR UNIT PRICE,1.0,,,Pleaded,1.0,,
1278,37454-2025-ADJC,dcwp_InspectionRequest,BA-1302108-2022,"KIDS A.M., INC.",C-TOWN SUPERMARKET,Supermarket,A0209649,INS-000823231,25N00224,01/30/2025,NY Agri & Mkts § 190(5) - CUSTOMER SCALE IS NOT AN ACCURATE COMPUTING SCALE OF SUFFICIENT CAPACITY,1.0,,,,,,
1283,12292-2023-ADJC,dcwp_InspectionRequest,BA-1671687-2023,369 FLATBUSH FOOD LLC,FOOD UNIVERSE MARKETPLACE,Supermarket,A0138582,INS-000678332,23N02980,10/10/2023,NY Agri & Mkts § 190(5) - STORE DOES NOT HAVE A SCALE FOR CUSTOMERS,1.0,,No,Pleaded,1.0,,
1286,12252-2023-ADJC,dcwp_InspectionRequest,BA-1635209-2023,DAN'S SUPREME SUPERMARKETS INC.,,Supermarket,A0138468,INS-000679147,23Q02727,10/06/2023,"NY Agri & Mkts § 190(5) - NO """"FOR CUSTOMER USE"""" SIGN POSTED OR NOR NEAR CUSTOMER SCALE/S IN/NEAR PREPACKAGED FOOD AREA.",1.0,,,Pleaded,1.0,,
1289,12276-2023-ADJC,dcwp_InspectionRequest,BA-1670458-2023,"MPM ENTERPRISES SEVENTH, INC.",,Supermarket,A0138418,INS-000677285,23N02964,10/06/2023,"NY Agri & Mkts § 190(5) - NO """"FOR CUSTOMER USE"""" SIGN POSTED OR NOR NEAR CUSTOMER SCALE/S IN/NEAR PREPACKAGED FOOD AREA.",1.0,,,Pleaded,1.0,,
1292,37721-2025-ADJC,dcwp_InspectionRequest,BA-1527293-2022,"SEVEN SEAS GEORGETOWNE, LLC",FOOD WAY,Supermarket,A0210440,INS-000827133,25N00259,02/04/2025,"NY Agri & Mkts § 190(5) - NO """"FOR CUSTOMER USE"""" SIGN POSTED OR NOR NEAR CUSTOMER SCALE/S IN/NEAR PREPACKAGED FOOD AREA.",1.0,No,No,,,,
1300,37802-2025-ADJC,dcwp_InspectionRequest,BA-1721077-2025,J & T NANDA CORP/C-TOWN FRESH MARKET,,Supermarket,A0211317,INS-000828737,25M00528,02/11/2025,NY Agri & Mkts § 190(5) - STORE DOES NOT HAVE A SCALE FOR CUSTOMERS,1.0,No,,,,,
1301,12024-2023-ADJC,dcwp_InspectionRequest,BA-1539776-2022,YONG FA SUPERMARKET INC,,Supermarket,A0137859,INS-000679132,23Q02696,10/03/2023,"NY Agri & Mkts § 190(5) - NO """"FOR CUSTOMER USE"""" SIGN POSTED OR NOR NEAR CUSTOMER SCALE/S IN/NEAR PREPACKAGED FOOD AREA.",1.0,,,Pleaded,1.0,,
1302,37813-2025-ADJC,dcwp_InspectionRequest,BA-1283392-2022,GR 109 GROCERY CORP,pioneer supermarket,Supermarket,A0211965,INS-000829900,25Q00364,02/14/2025,NY Agri & Mkts § 190(5) - STORE DOES NOT HAVE A SCALE FOR CUSTOMERS,1.0,No,No,,,,
1303,11988-2023-ADJC,dcwp_InspectionRequest,BA-1529693-2022,THE STOP & SHOP SUPERMARKET COMPANY LLC,Stop & Shop Store # 2513,Supermarket,A0137656,INS-000677521,23Q02685,10/02/2023,NY Agri & Mkts § 190(5) - STORE DOES NOT HAVE A SCALE FOR CUSTOMERS,1.0,,,Pleaded,1.0,,
1304,37844-2025-ADJC,dcwp_InspectionRequest,BA-1200388-2022,FARE FARM FOOD CORP.,,Supermarket,A0212340,INS-000830039,25M00605,02/19/2025,"NY Agri & Mkts § 190(5) - NO """"FOR CUSTOMER USE"""" SIGN POSTED OR NOR NEAR CUSTOMER SCALE/S IN/NEAR PREPACKAGED FOOD AREA.",1.0,,,,,,
1306,37937-2025-ADJC,dcwp_InspectionRequest,BA-1721896-2025,J & E GRAND CONCOURSE RETAIL LLC,,Supermarket,A0212755,INS-000831177,25X00272,02/21/2025,1 NYCRR § 221.13(b)(18) - DELI ITEMS DO NOT HAVE PRICES DISPLAYED,1.0,,,,,,
1309,37968-2025-ADJC,dcwp_InspectionRequest,BA-1020547-2022,206-16 HOLLIS AVE FOOD CORP,,Supermarket,A0212847,INS-000831317,25Q00416,02/21/2025,NY Agri & Mkts § 190(5) - STORE DOES NOT HAVE A SCALE FOR CUSTOMERS,1.0,,,,,,
1313,38034-2025-ADJC,dcwp_InspectionRequest,BA-1114401-2022,4118 MEAT & PRODUCE CORP.,FOOD UNIVERSE,Supermarket,A0210768,INS-000827681,25N00268,02/06/2025,"NY Agri & Mkts § 190(5) - NO """"FOR CUSTOMER USE"""" SIGN POSTED OR NOR NEAR CUSTOMER SCALE/S IN/NEAR PREPACKAGED FOOD AREA.",1.0,No,,,,,
1319,11295-2023-ADJC,dcwp_InspectionRequest,BA-1445994-2022,MEDITERRANEAN FOODS III INC,Mediterranean Foods,Supermarket,A0135852,INS-000667247,23Q01306,09/18/2023,NY Agri & Mkts § 190(5) - STORE DOES NOT HAVE A SCALE FOR CUSTOMERS,1.0,,,Pleaded,1.0,,
1329,38245-2025-ADJC,dcwp_InspectionRequest,BA-1437618-2022,Megna Bazar LLC,Premium Supermarket,Supermarket,A0212783,INS-000831229,25Q00413,02/21/2025,NY Agri & Mkts § 190(5) - STORE DOES NOT HAVE A SCALE FOR CUSTOMERS,1.0,,,,,,
1331,38253-2025-ADJC,dcwp_InspectionRequest,BA-1485379-2022,S & K VEGETABLES CORP.,,Supermarket,A0212840,INS-000831303,25Q00415,02/21/2025,NY Agri & Mkts § 190(5) - STORE DOES NOT HAVE A SCALE FOR CUSTOMERS,1.0,No,,,,,
1336,38537-2025-ADJC,dcwp_InspectionRequest,BA-1126596-2022,BJ'S WHOLESALE CLUB,,Supermarket,A0213663,INS-000832612,25Q00457,02/27/2025,NY Agri & Mkts § 190(5) - STORE DOES NOT HAVE A SCALE FOR CUSTOMERS,1.0,No,,,,,
1337,11338-2023-ADJC,dcwp_InspectionRequest,BA-1670448-2023,GIO AVENUE C INC,,Supermarket,A0135397,INS-000666281,23M02082,09/14/2023,"1 NYCRR § 221.5(c) - LABELS DO NOT CLEARLY STATE THE NET QUANTITY OF ITEMS IN CONTAINERS or PACAKGE IN TERMS OF WEIGHT, MEASURE OR COUNT",1.0,,,Pleaded,1.0,,
1339,11151-2023-ADJC,dcwp_InspectionRequest,BA-1252910-2022,"CHANG FA FOOD MARKET, INC.",,Supermarket,A0135273,INS-000666044,23N01091,09/13/2023,"1 NYCRR § 221.5(c) - LABELS DO NOT CLEARLY STATE THE NET QUANTITY OF ITEMS IN CONTAINERS or PACAKGE IN TERMS OF WEIGHT, MEASURE OR COUNT",2.0,,,Pleaded,2.0,,
1341,11080-2023-ADJC,dcwp_InspectionRequest,BA-1467239-2022,R & M SUPERMARKET 63 DR. INC,,Supermarket,A0134719,INS-000665124,23Q01231,09/11/2023,1 NYCRR § 221.13(b)(18) - DELI ITEMS DO NOT HAVE PRICES DISPLAYED,1.0,,,Pleaded,1.0,,
1343,7904-2023-ADJC,dcwp_InspectionRequest,BA-1554732-2022,"ROYAL SEAFOOD MARKET, INC",,Supermarket,A0126958,INS-000651545,23N00778,07/05/2023,NY Agri & Mkts § 190(5) - STORE DOES NOT HAVE A SCALE FOR CUSTOMERS,1.0,No,No,Default Decision,1.0,,
1345,7935-2023-ADJC,dcwp_InspectionRequest,BA-1451676-2022,MANNIX FAMILY MARKET @ HYLAN BLVD LLC,,Supermarket,A0126804,INS-000651325,23M01493,07/03/2023,NY Agri & Mkts § 190(5) - STORE DOES NOT HAVE A SCALE FOR CUSTOMERS,1.0,No,No,Default Decision,1.0,,
1358,8127-2023-ADJC,dcwp_InspectionRequest,BA-1205240-2022,"D'AGOSTINO'S MARKETS, LLC",,Supermarket,A0127292,INS-000652123,23M01546,07/07/2023,NY Agri & Mkts § 190(5) - CUSTOMER SCALE IS NOT AN ACCURATE COMPUTING SCALE OF SUFFICIENT CAPACITY,1.0,No,No,Default Decision,1.0,,
1365,10762-2023-ADJC,dcwp_InspectionRequest,BA-1551455-2022,"TRIPLE FOOD, CORP.",,Supermarket,A0133934,INS-000663831,23Q01188,09/01/2023,"NY Agri & Mkts § 190(5) - NO """"FOR CUSTOMER USE"""" SIGN POSTED OR NOR NEAR CUSTOMER SCALE/S IN/NEAR PREPACKAGED FOOD AREA.",1.0,,,Pleaded,1.0,,
1367,10768-2023-ADJC,dcwp_InspectionRequest,BA-1002744-2022,BFF FOOD CORP.,,Supermarket,A0133981,INS-000663916,23Q01194,09/01/2023,NY Agri & Mkts § 190(5) - STORE DOES NOT HAVE A SCALE FOR CUSTOMERS,1.0,,,Pleaded,1.0,,
1384,10397-2023-ADJC,dcwp_InspectionRequest,BA-1480314-2022,WHOLE FOODS MARKET GROUP INC,WHOLE FOODS MARKET,Supermarket,A0133014,INS-000660737,23N01001,08/25/2023,"1 NYCRR § 221.5(c) - LABELS DO NOT CLEARLY STATE THE NET QUANTITY OF ITEMS IN CONTAINERS or PACAKGE IN TERMS OF WEIGHT, MEASURE OR COUNT",1.0,,,Pleaded,1.0,,
1388,10411-2023-ADJC,dcwp_InspectionRequest,BA-1666500-2023,1291 FOOD CORP.,FoodTown,Supermarket,A0133039,INS-000662335,23N01006,08/25/2023,NY Agri & Mkts § 190(5) - CUSTOMER SCALE IS NOT AN ACCURATE COMPUTING SCALE OF SUFFICIENT CAPACITY,1.0,,,Pleaded,1.0,,
1392,8929-2023-ADJC,dcwp_InspectionRequest,BA-1661676-2023,"NAMDOR, INC.",,Supermarket,A0128710,INS-000654372,23M01614,07/19/2023,1 NYCRR § 221.13(b)(19) - FAILS TO POST SIGN STATING IDENTITY OF COMMODITY SOLD IN BULK AND PRICE PER POUND OR UNIT PRICE,1.0,,,,,,
1395,8974-2023-ADJC,dcwp_InspectionRequest,BA-1613280-2023,HARLEM 421 FOODS CORP,Key Food,Supermarket,A0129115,INS-000655069,23M01647,07/21/2023,NY Agri & Mkts § 190(5) - STORE DOES NOT HAVE A SCALE FOR CUSTOMERS,1.0,,,Default Decision,1.0,,
1397,8979-2023-ADJC,dcwp_InspectionRequest,BA-1123200-2022,1316 CORP,,Supermarket,A0129155,INS-000655129,23M01649,07/21/2023,"1 NYCRR § 221.5(c) - LABELS DO NOT CLEARLY STATE THE NET QUANTITY OF ITEMS IN CONTAINERS or PACAKGE IN TERMS OF WEIGHT, MEASURE OR COUNT",1.0,,,Default Decision,1.0,,
1403,10045-2023-ADJC,dcwp_InspectionRequest,BA-1504442-2022,Z & T FOOD CORP.,,Supermarket,A0132165,INS-000660900,23Q01094,08/21/2023,"NY Agri & Mkts § 190(5) - NO """"FOR CUSTOMER USE"""" SIGN POSTED OR NOR NEAR CUSTOMER SCALE/S IN/NEAR PREPACKAGED FOOD AREA.",1.0,,,Pleaded,1.0,,
1406,10018-2023-ADJC,dcwp_InspectionRequest,BA-1027881-2022,8102 FOOD CORP,BROOKLYN MARKET,Supermarket,A0131983,INS-000660592,23N00956,08/18/2023,NY Agri & Mkts § 190(5) - STORE DOES NOT HAVE A SCALE FOR CUSTOMERS,1.0,,,Pleaded,1.0,,
1409,9260-2023-ADJC,dcwp_InspectionRequest,BA-1118269-2022,"BRONZE & WHITE MARKETS, INC.",,Supermarket,A0129416,INS-000655592,23M01664,07/26/2023,NY Agri & Mkts § 190(5) - STORE DOES NOT HAVE A SCALE FOR CUSTOMERS,1.0,,,Default Decision,1.0,,
1411,9272-2023-ADJC,dcwp_InspectionRequest,BA-1221253-2022,"FLUSHING MARKET, INC.",,Supermarket,A0129815,INS-000656463,23Q00982,08/01/2023,"1 NYCRR § 221.5(c) - LABELS DO NOT CLEARLY STATE THE NET QUANTITY OF ITEMS IN CONTAINERS or PACAKGE IN TERMS OF WEIGHT, MEASURE OR COUNT",2.0,,,Default Decision,1.0,,
1419,9303-2023-ADJC,dcwp_InspectionRequest,BA-1664665-2023,AURORA 65 FOOD CORP.,,Supermarket,A0130749,INS-000658304,23Q01029,08/09/2023,NY Agri & Mkts § 190(5) - STORE DOES NOT HAVE A SCALE FOR CUSTOMERS,1.0,,,Pleaded,1.0,,
1420,9304-2023-ADJC,dcwp_InspectionRequest,BA-1354471-2022,"GOLD CITY SUPERMARKET, INC.",,Supermarket,A0130777,INS-000658353,23Q01031,08/09/2023,"1 NYCRR § 221.5(c) - LABELS DO NOT CLEARLY STATE THE NET QUANTITY OF ITEMS IN CONTAINERS or PACAKGE IN TERMS OF WEIGHT, MEASURE OR COUNT",2.0,,,Pleaded,2.0,,
1422,9244-2023-ADJC,dcwp_InspectionRequest,BA-1432323-2022,NATURE FARM SUPERMARKET CORPORATION,,Supermarket,A0130669,INS-000658169,23Q01025,08/08/2023,"1 NYCRR § 221.5(c) - LABELS DO NOT CLEARLY STATE THE NET QUANTITY OF ITEMS IN CONTAINERS or PACAKGE IN TERMS OF WEIGHT, MEASURE OR COUNT",2.0,,,Pleaded,1.0,,
1428,9545-2023-ADJC,dcwp_InspectionRequest,BA-1197652-2022,"CITARELLA EAST, INC.",,Supermarket,A0130951,INS-000658617,23M01753,08/10/2023,"NY Agri & Mkts § 190(5) - NO """"FOR CUSTOMER USE"""" SIGN POSTED OR NOR NEAR CUSTOMER SCALE/S IN/NEAR PREPACKAGED FOOD AREA.",1.0,,,Default Decision,1.0,,
1430,9548-2023-ADJC,dcwp_InspectionRequest,BA-1335697-2022,IGUA FOOD CORP.,,Supermarket,A0129459,INS-000654960,23X00876,07/27/2023,"NY Agri & Mkts § 190(5) - NO """"FOR CUSTOMER USE"""" SIGN POSTED OR NOR NEAR CUSTOMER SCALE/S IN/NEAR PREPACKAGED FOOD AREA.",1.0,,,Default Decision,1.0,,
1431,9086-2023-ADJC,dcwp_InspectionRequest,BA-1429125-2022,MERRICK MEAT MARKET INC,,Supermarket,A0130396,INS-000657728,23Q01007,08/07/2023,1 NYCRR § 221.13(b)(18) - DELI ITEMS DO NOT HAVE PRICES DISPLAYED,1.0,,,Pleaded,1.0,,
1432,9674-2023-ADJC,dcwp_InspectionRequest,BA-1126308-2022,AMSTERDAM MARKETPLACE LLC,,Supermarket,A0129516,INS-000654026,23M01671,07/27/2023,"1 NYCRR § 221.5(c) - LABELS DO NOT CLEARLY STATE THE NET QUANTITY OF ITEMS IN CONTAINERS or PACAKGE IN TERMS OF WEIGHT, MEASURE OR COUNT",2.0,,,Default Decision,1.0,,
1434,9110-2023-ADJC,dcwp_InspectionRequest,BA-1466394-2022,MEGA MART LLC,CHESTNUT,Supermarket,A0130345,INS-000657664,23N00888,08/07/2023,"1 NYCRR § 221.5(c) - LABELS DO NOT CLEARLY STATE THE NET QUANTITY OF ITEMS IN CONTAINERS or PACAKGE IN TERMS OF WEIGHT, MEASURE OR COUNT",2.0,,No,Pleaded,2.0,,
1439,9197-2023-ADJC,dcwp_InspectionRequest,BA-1327005-2022,GURABO PRODUCE CORP.,,Supermarket,A0130202,INS-000657455,23Q00997,08/04/2023,"NY Agri & Mkts § 190(5) - NO """"FOR CUSTOMER USE"""" SIGN POSTED OR NOR NEAR CUSTOMER SCALE/S IN/NEAR PREPACKAGED FOOD AREA.",1.0,,,Pleaded,1.0,,
1440,9283-2023-ADJC,dcwp_InspectionRequest,BA-1110998-2022,"486 HENRY ST SUPERMARKET, INC",,Supermarket,A0130227,INS-000657487,23N00883,08/04/2023,"1 NYCRR § 221.5(c) - LABELS DO NOT CLEARLY STATE THE NET QUANTITY OF ITEMS IN CONTAINERS or PACAKGE IN TERMS OF WEIGHT, MEASURE OR COUNT",1.0,,,Pleaded,1.0,,
1444,9962-2023-ADJC,dcwp_InspectionRequest,BA-1408130-2022,NC 3100 OCEAN AVE LLC,,Supermarket,A0130220,INS-000657475,23N00882,08/04/2023,"1 NYCRR § 221.5(c) - LABELS DO NOT CLEARLY STATE THE NET QUANTITY OF ITEMS IN CONTAINERS or PACAKGE IN TERMS OF WEIGHT, MEASURE OR COUNT",1.0,,,Default Decision,1.0,,
1445,9324-2023-ADJC,dcwp_InspectionRequest,BA-1230401-2022,GALA APPLE INTERNATIONAL INC.,,Supermarket,A0129944,INS-000656813,23N00876,08/02/2023,"NY Agri & Mkts § 190(5) - NO """"FOR CUSTOMER USE"""" SIGN POSTED OR NOR NEAR CUSTOMER SCALE/S IN/NEAR PREPACKAGED FOOD AREA.",1.0,,,Pleaded,1.0,,
1447,9287-2023-ADJC,dcwp_InspectionRequest,BA-1418673-2022,MAYAH FOOD MARKET CORP,MARKET FRESH SUPERMARKET,Supermarket,A0129806,INS-000656442,23Q00980,08/01/2023,1 NYCRR § 221.13(b)(19) - FAILS TO POST SIGN STATING IDENTITY OF COMMODITY SOLD IN BULK AND PRICE PER POUND OR UNIT PRICE,1.0,,No,Pleaded,1.0,,
1449,39951-2025-ADJC,dcwp_InspectionRequest,BA-1265605-2022,RANIA FOOD CORP.,C-TOWN SUPERMARKET,Supermarket,A0217227,INS-000838832,25N00594,03/20/2025,NY Agri & Mkts § 190(5) - STORE DOES NOT HAVE A SCALE FOR CUSTOMERS,1.0,No,,,,,
1452,9311-2023-ADJC,dcwp_InspectionRequest,BA-1227834-2022,FORUM SUPERMARKET INC,,Supermarket,A0129811,INS-000656452,23N00867,08/01/2023,NY Agri & Mkts § 190(5) - STORE DOES NOT HAVE A SCALE FOR CUSTOMERS,1.0,,,Pleaded,1.0,,
1455,38848-2025-ADJC,dcwp_InspectionRequest,BA-1708496-2024,Markella Corp.,Euro Market,Supermarket,A0214102,INS-000833294,25Q00489,02/28/2025,1 NYCRR § 221.13(b)(18) - DELI ITEMS DO NOT HAVE PRICES DISPLAYED,1.0,No,,,,,
1456,9172-2023-ADJC,dcwp_InspectionRequest,BA-1560052-2022,SKYFOODS MART INC.-ELMHURST,TERRENCE WORMS,Supermarket,A0129672,INS-000656178,23Q00975,07/31/2023,"1 NYCRR § 221.5(c) - LABELS DO NOT CLEARLY STATE THE NET QUANTITY OF ITEMS IN CONTAINERS or PACAKGE IN TERMS OF WEIGHT, MEASURE OR COUNT",2.0,,,Pleaded,1.0,,
1457,9173-2023-ADJC,dcwp_InspectionRequest,BA-1115012-2022,"HAR NORTHERN, INC.",HANAHREUM SUPERMARKET,Supermarket,A0129674,INS-000656182,23Q00976,07/31/2023,"1 NYCRR § 221.5(c) - LABELS DO NOT CLEARLY STATE THE NET QUANTITY OF ITEMS IN CONTAINERS or PACAKGE IN TERMS OF WEIGHT, MEASURE OR COUNT",2.0,,,Pleaded,1.0,,
1466,9306-2023-ADJC,dcwp_InspectionRequest,BA-1423266-2022,"NASEB FOODS, INC.",MET FRESH SUPERMARKET,Supermarket,A0129662,INS-000656159,23N00859,07/31/2023,1 NYCRR § 221.13(b)(19) - FAILS TO POST SIGN STATING IDENTITY OF COMMODITY SOLD IN BULK AND PRICE PER POUND OR UNIT PRICE,1.0,,,Pleaded,1.0,,
1467,38414-2025-ADJC,dcwp_InspectionRequest,BA-1110281-2022,48 BURNSIDE FOOD CORP.,,Supermarket,A0214261,INS-000832675,25X00340,03/04/2025,NY Agri & Mkts § 190(5) - STORE DOES NOT HAVE A SCALE FOR CUSTOMERS,1.0,,,,,,
1471,9268-2023-ADJC,dcwp_InspectionRequest,BA-1126555-2022,138-37 FOOD CORP,KEY FOOD SUPERMARKETS,Supermarket,A0129369,INS-000653724,23Q00966,07/26/2023,"NY Agri & Mkts § 190(5) - NO """"FOR CUSTOMER USE"""" SIGN POSTED OR NOR NEAR CUSTOMER SCALE/S IN/NEAR PREPACKAGED FOOD AREA.",1.0,,,Pleaded,1.0,,
1472,38984-2025-ADJC,dcwp_InspectionRequest,BA-1451453-2022,"PLATINUM & WHITE MARKETS, INC.",,Supermarket,A0216736,INS-000837194,25M00866,03/18/2025,"NY Agri & Mkts § 190(5) - NO """"FOR CUSTOMER USE"""" SIGN POSTED OR NOR NEAR CUSTOMER SCALE/S IN/NEAR PREPACKAGED FOOD AREA.",1.0,,,,,,
1473,8917-2023-ADJC,dcwp_InspectionRequest,BA-1125381-2022,BAYPARKWAY FOOD INC,,Supermarket,A0129090,INS-000655033,23N00842,07/21/2023,"1 NYCRR § 221.5(c) - LABELS DO NOT CLEARLY STATE THE NET QUANTITY OF ITEMS IN CONTAINERS or PACAKGE IN TERMS OF WEIGHT, MEASURE OR COUNT",2.0,,,Pleaded,1.0,,
1475,39564-2025-ADJC,dcwp_InspectionRequest,BA-1725589-2025,JOSHUA & E FOOD CORP.,FINE FARE,Supermarket,A0218663,INS-000842277,25M01101,03/28/2025,NY Agri & Mkts § 190(5) - STORE DOES NOT HAVE A SCALE FOR CUSTOMERS,1.0,No,,,,,
1479,39418-2025-ADJC,dcwp_InspectionRequest,BA-1555604-2022,THANKSGIVING SUPERMARKET INC,,Supermarket,A0217595,INS-000831592,25N00610,03/21/2025,"1 NYCRR § 221.5(c) - LABELS DO NOT CLEARLY STATE THE NET QUANTITY OF ITEMS IN CONTAINERS or PACAKGE IN TERMS OF WEIGHT, MEASURE OR COUNT",2.0,,,,,,
1494,39133-2025-ADJC,dcwp_InspectionRequest,BA-1295548-2022,LGT FOOD CORP,BRAVO SUPERMARKET,Supermarket,A0215644,INS-000836061,25Q00581,03/11/2025,"NY Agri & Mkts § 190(5) - NO """"FOR CUSTOMER USE"""" SIGN POSTED OR NOR NEAR CUSTOMER SCALE/S IN/NEAR PREPACKAGED FOOD AREA.",1.0,,,,,,
1505,39003-2025-ADJC,dcwp_InspectionRequest,BA-1666754-2023,4490 FOOD CORP,,Supermarket,A0216874,INS-000837740,25M00877,03/19/2025,1 NYCRR § 221.13(b)(19) - FAILS TO POST SIGN STATING IDENTITY OF COMMODITY SOLD IN BULK AND PRICE PER POUND OR UNIT PRICE,1.0,No,,,,,
1513,7834-2023-ADJC,dcwp_InspectionRequest,BA-1410768-2022,RAINBOW PAPER SALES INC.,,Supermarket,A0126813,INS-000651337,23N00771,07/03/2023,"1 NYCRR § 221.5(c) - LABELS DO NOT CLEARLY STATE THE NET QUANTITY OF ITEMS IN CONTAINERS or PACAKGE IN TERMS OF WEIGHT, MEASURE OR COUNT",1.0,No,No,Pleaded,1.0,,
1514,7868-2023-ADJC,dcwp_InspectionRequest,BA-1357470-2022,GLENDA FOOD CORP.,,Supermarket,A0126795,INS-000647226,23M01491,07/03/2023,"1 NYCRR § 221.5(c) - LABELS DO NOT CLEARLY STATE THE NET QUANTITY OF ITEMS IN CONTAINERS or PACAKGE IN TERMS OF WEIGHT, MEASURE OR COUNT",1.0,No,No,Pleaded,1.0,,
1515,7955-2023-ADJC,dcwp_InspectionRequest,BA-1031403-2022,BEDFORD BOULEVARD FOOD CORP.,,Supermarket,A0126834,INS-000651366,23X00825,07/03/2023,NY Agri & Mkts § 190(5) - STORE DOES NOT HAVE A SCALE FOR CUSTOMERS,1.0,No,No,Pleaded,1.0,,
